[2026-08-25 00:14:05.815] Unhandled UI dispatcher exception.
Exception: System.Management.Automation.RuntimeException
Message: You cannot call a method on a null-valued expression.
StackTrace:
   at System.Management.Automation.ExceptionHandlingOps.CheckActionPreference(FunctionContext funcContext, Exception exception)
   at System.Management.Automation.Interpreter.ActionCallInstruction`2.Run(InterpretedFrame frame)
   at System.Management.Automation.Interpreter.EnterTryCatchFinallyInstruction.Run(InterpretedFrame frame)
   at System.Management.Automation.Interpreter.EnterTryCatchFinallyInstruction.Run(InterpretedFrame frame)
   at System.Management.Automation.Interpreter.Interpreter.Run(InterpretedFrame frame)
   at System.Management.Automation.Interpreter.LightLambda.RunVoid1[T0](T0 arg0)
   at System.Management.Automation.ScriptBlock.InvokeWithPipeImpl(ScriptBlockClauseToInvoke clauseToInvoke, Boolean createLocalScope, Dictionary`2 functionsToDefine, List`1 variablesToDefine, ErrorHandlingBehavior errorHandlingBehavior, Object dollarUnder, Object input, Object scriptThis, Pipe outputPipe, InvocationInfo invocationInfo, Object[] args)
   at System.Management.Automation.ScriptBlock.<>c__DisplayClass57_0.<InvokeWithPipe>b__0()
   at System.Management.Automation.Runspaces.RunspaceBase.RunActionIfNoRunningPipelinesWithThreadCheck(Action action)
   at System.Management.Automation.ScriptBlock.InvokeWithPipe(Boolean useLocalScope, ErrorHandlingBehavior errorHandlingBehavior, Object dollarUnder, Object input, Object scriptThis, Pipe outputPipe, InvocationInfo invocationInfo, Boolean propagateAllExceptionsToTop, List`1 variablesToDefine, Dictionary`2 functionsToDefine, Object[] args)
   at System.Management.Automation.ScriptBlock.InvokeAsDelegateHelper(Object dollarUnder, Object dollarThis, Object[] args)
   at System.Windows.Window.OnClosed(EventArgs e)
   at System.Windows.Window.WmDestroy()
   at System.Windows.Window.WindowFilterMessage(IntPtr hwnd, Int32 msg, IntPtr wParam, IntPtr lParam, Boolean& handled)
   at System.Windows.Interop.HwndSource.PublicHooksFilterMessage(IntPtr hwnd, Int32 msg, IntPtr wParam, IntPtr lParam, Boolean& handled)
   at MS.Win32.HwndWrapper.WndProc(IntPtr hwnd, Int32 msg, IntPtr wParam, IntPtr lParam, Boolean& handled)
   at MS.Win32.HwndSubclass.DispatcherCallbackOperation(Object o)
   at System.Windows.Threading.ExceptionWrapper.InternalRealCall(Delegate callback, Object args, Int32 numArgs)
   at System.Windows.Threading.ExceptionWrapper.TryCatchWhen(Object source, Delegate callback, Object args, Int32 numArgs, Delegate catchHandler)

[2026-08-25 00:14:53.048] Unhandled UI dispatcher exception.
Exception: System.Management.Automation.RuntimeException
Message: The variable '$statusTimer' cannot be retrieved because it has not been set.
StackTrace:
   at System.Management.Automation.ExceptionHandlingOps.CheckActionPreference(FunctionContext funcContext, Exception exception)
   at System.Management.Automation.Interpreter.ActionCallInstruction`2.Run(InterpretedFrame frame)
   at System.Management.Automation.Interpreter.EnterTryCatchFinallyInstruction.Run(InterpretedFrame frame)
   at System.Management.Automation.Interpreter.EnterTryCatchFinallyInstruction.Run(InterpretedFrame frame)
   at System.Management.Automation.Interpreter.Interpreter.Run(InterpretedFrame frame)
   at System.Management.Automation.Interpreter.LightLambda.RunVoid1[T0](T0 arg0)
   at System.Management.Automation.ScriptBlock.InvokeWithPipeImpl(ScriptBlockClauseToInvoke clauseToInvoke, Boolean createLocalScope, Dictionary`2 functionsToDefine, List`1 variablesToDefine, ErrorHandlingBehavior errorHandlingBehavior, Object dollarUnder, Object input, Object scriptThis, Pipe outputPipe, InvocationInfo invocationInfo, Object[] args)
   at System.Management.Automation.ScriptBlock.<>c__DisplayClass57_0.<InvokeWithPipe>b__0()
   at System.Management.Automation.Runspaces.RunspaceBase.RunActionIfNoRunningPipelinesWithThreadCheck(Action action)
   at System.Management.Automation.ScriptBlock.InvokeWithPipe(Boolean useLocalScope, ErrorHandlingBehavior errorHandlingBehavior, Object dollarUnder, Object input, Object scriptThis, Pipe outputPipe, InvocationInfo invocationInfo, Boolean propagateAllExceptionsToTop, List`1 variablesToDefine, Dictionary`2 functionsToDefine, Object[] args)
   at System.Management.Automation.ScriptBlock.InvokeAsDelegateHelper(Object dollarUnder, Object dollarThis, Object[] args)
   at System.ComponentModel.CancelEventHandler.Invoke(Object sender, CancelEventArgs e)
   at System.Windows.Window.OnClosing(CancelEventArgs e)
   at System.Windows.Window.WmClose()
   at System.Windows.Window.WindowFilterMessage(IntPtr hwnd, Int32 msg, IntPtr wParam, IntPtr lParam, Boolean& handled)
   at System.Windows.Interop.HwndSource.PublicHooksFilterMessage(IntPtr hwnd, Int32 msg, IntPtr wParam, IntPtr lParam, Boolean& handled)
   at MS.Win32.HwndWrapper.WndProc(IntPtr hwnd, Int32 msg, IntPtr wParam, IntPtr lParam, Boolean& handled)
   at MS.Win32.HwndSubclass.DispatcherCallbackOperation(Object o)
   at System.Windows.Threading.ExceptionWrapper.InternalRealCall(Delegate callback, Object args, Int32 numArgs)
   at System.Windows.Threading.ExceptionWrapper.TryCatchWhen(Object source, Delegate callback, Object args, Int32 numArgs, Delegate catchHandler)

[2026-08-25 00:37:29.809] Unhandled UI dispatcher exception.
Exception: System.ComponentModel.Win32Exception
Message: Not enough quota is available to process this command
StackTrace:
   at System.Windows.Interop.HwndTarget.UpdateWindowSettings(Boolean enableRenderTarget, Nullable`1 channelSet)
   at System.Windows.Interop.HwndTarget.UpdateWindowPos(IntPtr lParam)
   at System.Windows.Interop.HwndTarget.HandleMessage(WindowMessage msg, IntPtr wparam, IntPtr lparam)
   at System.Windows.Interop.HwndSource.HwndTargetFilterMessage(IntPtr hwnd, Int32 msg, IntPtr wParam, IntPtr lParam, Boolean& handled)
   at MS.Win32.HwndWrapper.WndProc(IntPtr hwnd, Int32 msg, IntPtr wParam, IntPtr lParam, Boolean& handled)
   at MS.Win32.HwndSubclass.DispatcherCallbackOperation(Object o)
   at System.Windows.Threading.ExceptionWrapper.InternalRealCall(Delegate callback, Object args, Int32 numArgs)
   at System.Windows.Threading.ExceptionWrapper.TryCatchWhen(Object source, Delegate callback, Object args, Int32 numArgs, Delegate catchHandler)

[2026-08-25 00:37:38.313] Unhandled UI dispatcher exception.
Exception: System.ComponentModel.Win32Exception
Message: Not enough quota is available to process this command
StackTrace:
   at System.Windows.Interop.HwndTarget.UpdateWindowSettings(Boolean enableRenderTarget, Nullable`1 channelSet)
   at System.Windows.Interop.HwndTarget.UpdateWindowPos(IntPtr lParam)
   at System.Windows.Interop.HwndTarget.HandleMessage(WindowMessage msg, IntPtr wparam, IntPtr lparam)
   at System.Windows.Interop.HwndSource.HwndTargetFilterMessage(IntPtr hwnd, Int32 msg, IntPtr wParam, IntPtr lParam, Boolean& handled)
   at MS.Win32.HwndWrapper.WndProc(IntPtr hwnd, Int32 msg, IntPtr wParam, IntPtr lParam, Boolean& handled)
   at MS.Win32.HwndSubclass.DispatcherCallbackOperation(Object o)
   at System.Windows.Threading.ExceptionWrapper.InternalRealCall(Delegate callback, Object args, Int32 numArgs)
   at System.Windows.Threading.ExceptionWrapper.TryCatchWhen(Object source, Delegate callback, Object args, Int32 numArgs, Delegate catchHandler)

[2026-08-25 00:38:58.434] Unhandled UI dispatcher exception.
Exception: System.Management.Automation.RuntimeException
Message: You cannot call a method on a null-valued expression.
StackTrace:
   at System.Management.Automation.ExceptionHandlingOps.CheckActionPreference(FunctionContext funcContext, Exception exception)
   at System.Management.Automation.Interpreter.ActionCallInstruction`2.Run(InterpretedFrame frame)
   at System.Management.Automation.Interpreter.EnterTryCatchFinallyInstruction.Run(InterpretedFrame frame)
   at System.Management.Automation.Interpreter.EnterTryCatchFinallyInstruction.Run(InterpretedFrame frame)
   at System.Management.Automation.Interpreter.Interpreter.Run(InterpretedFrame frame)
   at System.Management.Automation.Interpreter.LightLambda.RunVoid1[T0](T0 arg0)
   at System.Management.Automation.ScriptBlock.InvokeWithPipeImpl(ScriptBlockClauseToInvoke clauseToInvoke, Boolean createLocalScope, Dictionary`2 functionsToDefine, List`1 variablesToDefine, ErrorHandlingBehavior errorHandlingBehavior, Object dollarUnder, Object input, Object scriptThis, Pipe outputPipe, InvocationInfo invocationInfo, Object[] args)
   at System.Management.Automation.ScriptBlock.<>c__DisplayClass57_0.<InvokeWithPipe>b__0()
   at System.Management.Automation.Runspaces.RunspaceBase.RunActionIfNoRunningPipelinesWithThreadCheck(Action action)
   at System.Management.Automation.ScriptBlock.InvokeWithPipe(Boolean useLocalScope, ErrorHandlingBehavior errorHandlingBehavior, Object dollarUnder, Object input, Object scriptThis, Pipe outputPipe, InvocationInfo invocationInfo, Boolean propagateAllExceptionsToTop, List`1 variablesToDefine, Dictionary`2 functionsToDefine, Object[] args)
   at System.Management.Automation.ScriptBlock.InvokeAsDelegateHelper(Object dollarUnder, Object dollarThis, Object[] args)
   at System.Windows.Window.OnClosed(EventArgs e)
   at System.Windows.Window.WmDestroy()
   at System.Windows.Window.WindowFilterMessage(IntPtr hwnd, Int32 msg, IntPtr wParam, IntPtr lParam, Boolean& handled)
   at System.Windows.Interop.HwndSource.PublicHooksFilterMessage(IntPtr hwnd, Int32 msg, IntPtr wParam, IntPtr lParam, Boolean& handled)
   at MS.Win32.HwndWrapper.WndProc(IntPtr hwnd, Int32 msg, IntPtr wParam, IntPtr lParam, Boolean& handled)
   at MS.Win32.HwndSubclass.DispatcherCallbackOperation(Object o)
   at System.Windows.Threading.ExceptionWrapper.InternalRealCall(Delegate callback, Object args, Int32 numArgs)
   at System.Windows.Threading.ExceptionWrapper.TryCatchWhen(Object source, Delegate callback, Object args, Int32 numArgs, Delegate catchHandler)

[2026-08-25 00:39:02.387] Unhandled UI dispatcher exception.
Exception: System.Management.Automation.RuntimeException
Message: You cannot call a method on a null-valued expression.
StackTrace:
   at System.Management.Automation.ExceptionHandlingOps.CheckActionPreference(FunctionContext funcContext, Exception exception)
   at System.Management.Automation.Interpreter.ActionCallInstruction`2.Run(InterpretedFrame frame)
   at System.Management.Automation.Interpreter.EnterTryCatchFinallyInstruction.Run(InterpretedFrame frame)
   at System.Management.Automation.Interpreter.EnterTryCatchFinallyInstruction.Run(InterpretedFrame frame)
   at System.Management.Automation.Interpreter.Interpreter.Run(InterpretedFrame frame)
   at System.Management.Automation.Interpreter.LightLambda.RunVoid1[T0](T0 arg0)
   at System.Management.Automation.ScriptBlock.InvokeWithPipeImpl(ScriptBlockClauseToInvoke clauseToInvoke, Boolean createLocalScope, Dictionary`2 functionsToDefine, List`1 variablesToDefine, ErrorHandlingBehavior errorHandlingBehavior, Object dollarUnder, Object input, Object scriptThis, Pipe outputPipe, InvocationInfo invocationInfo, Object[] args)
   at System.Management.Automation.ScriptBlock.<>c__DisplayClass57_0.<InvokeWithPipe>b__0()
   at System.Management.Automation.Runspaces.RunspaceBase.RunActionIfNoRunningPipelinesWithThreadCheck(Action action)
   at System.Management.Automation.ScriptBlock.InvokeWithPipe(Boolean useLocalScope, ErrorHandlingBehavior errorHandlingBehavior, Object dollarUnder, Object input, Object scriptThis, Pipe outputPipe, InvocationInfo invocationInfo, Boolean propagateAllExceptionsToTop, List`1 variablesToDefine, Dictionary`2 functionsToDefine, Object[] args)
   at System.Management.Automation.ScriptBlock.InvokeAsDelegateHelper(Object dollarUnder, Object dollarThis, Object[] args)
   at System.Windows.Window.OnClosed(EventArgs e)
   at System.Windows.Window.WmDestroy()
   at System.Windows.Window.WindowFilterMessage(IntPtr hwnd, Int32 msg, IntPtr wParam, IntPtr lParam, Boolean& handled)
   at System.Windows.Interop.HwndSource.PublicHooksFilterMessage(IntPtr hwnd, Int32 msg, IntPtr wParam, IntPtr lParam, Boolean& handled)
   at MS.Win32.HwndWrapper.WndProc(IntPtr hwnd, Int32 msg, IntPtr wParam, IntPtr lParam, Boolean& handled)
   at MS.Win32.HwndSubclass.DispatcherCallbackOperation(Object o)
   at System.Windows.Threading.ExceptionWrapper.InternalRealCall(Delegate callback, Object args, Int32 numArgs)
   at System.Windows.Threading.ExceptionWrapper.TryCatchWhen(Object source, Delegate callback, Object args, Int32 numArgs, Delegate catchHandler)

[2026-08-25 00:46:00.964] Unhandled UI dispatcher exception.
Exception: System.Management.Automation.RuntimeException
Message: You cannot call a method on a null-valued expression.
StackTrace:
   at System.Management.Automation.ExceptionHandlingOps.CheckActionPreference(FunctionContext funcContext, Exception exception)
   at System.Management.Automation.Interpreter.ActionCallInstruction`2.Run(InterpretedFrame frame)
   at System.Management.Automation.Interpreter.EnterTryCatchFinallyInstruction.Run(InterpretedFrame frame)
   at System.Management.Automation.Interpreter.EnterTryCatchFinallyInstruction.Run(InterpretedFrame frame)
   at System.Management.Automation.Interpreter.Interpreter.Run(InterpretedFrame frame)
   at System.Management.Automation.Interpreter.LightLambda.RunVoid1[T0](T0 arg0)
   at System.Management.Automation.ScriptBlock.InvokeWithPipeImpl(ScriptBlockClauseToInvoke clauseToInvoke, Boolean createLocalScope, Dictionary`2 functionsToDefine, List`1 variablesToDefine, ErrorHandlingBehavior errorHandlingBehavior, Object dollarUnder, Object input, Object scriptThis, Pipe outputPipe, InvocationInfo invocationInfo, Object[] args)
   at System.Management.Automation.ScriptBlock.<>c__DisplayClass57_0.<InvokeWithPipe>b__0()
   at System.Management.Automation.Runspaces.RunspaceBase.RunActionIfNoRunningPipelinesWithThreadCheck(Action action)
   at System.Management.Automation.ScriptBlock.InvokeWithPipe(Boolean useLocalScope, ErrorHandlingBehavior errorHandlingBehavior, Object dollarUnder, Object input, Object scriptThis, Pipe outputPipe, InvocationInfo invocationInfo, Boolean propagateAllExceptionsToTop, List`1 variablesToDefine, Dictionary`2 functionsToDefine, Object[] args)
   at System.Management.Automation.ScriptBlock.InvokeAsDelegateHelper(Object dollarUnder, Object dollarThis, Object[] args)
   at System.Windows.Window.OnClosed(EventArgs e)
   at System.Windows.Window.WmDestroy()
   at System.Windows.Window.WindowFilterMessage(IntPtr hwnd, Int32 msg, IntPtr wParam, IntPtr lParam, Boolean& handled)
   at System.Windows.Interop.HwndSource.PublicHooksFilterMessage(IntPtr hwnd, Int32 msg, IntPtr wParam, IntPtr lParam, Boolean& handled)
   at MS.Win32.HwndWrapper.WndProc(IntPtr hwnd, Int32 msg, IntPtr wParam, IntPtr lParam, Boolean& handled)
   at MS.Win32.HwndSubclass.DispatcherCallbackOperation(Object o)
   at System.Windows.Threading.ExceptionWrapper.InternalRealCall(Delegate callback, Object args, Int32 numArgs)
   at System.Windows.Threading.ExceptionWrapper.TryCatchWhen(Object source, Delegate callback, Object args, Int32 numArgs, Delegate catchHandler)

[2026-08-25 01:01:00.207] Unhandled UI dispatcher exception.
Exception: System.Management.Automation.SetValueInvocationException
Message: Exception setting "FontSize": "'0' is not a valid value for property 'FontSize'."
StackTrace:
   at System.Management.Automation.ExceptionHandlingOps.CheckActionPreference(FunctionContext funcContext, Exception exception)
   at System.Management.Automation.Interpreter.ActionCallInstruction`2.Run(InterpretedFrame frame)
   at System.Management.Automation.Interpreter.EnterTryCatchFinallyInstruction.Run(InterpretedFrame frame)
   at System.Management.Automation.Interpreter.EnterTryCatchFinallyInstruction.Run(InterpretedFrame frame)
   at System.Management.Automation.Interpreter.Interpreter.Run(InterpretedFrame frame)
   at System.Management.Automation.Interpreter.LightLambda.RunVoid1[T0](T0 arg0)
   at System.Management.Automation.ScriptBlock.InvokeWithPipeImpl(ScriptBlockClauseToInvoke clauseToInvoke, Boolean createLocalScope, Dictionary`2 functionsToDefine, List`1 variablesToDefine, ErrorHandlingBehavior errorHandlingBehavior, Object dollarUnder, Object input, Object scriptThis, Pipe outputPipe, InvocationInfo invocationInfo, Object[] args)
   at System.Management.Automation.ScriptBlock.<>c__DisplayClass57_0.<InvokeWithPipe>b__0()
   at System.Management.Automation.Runspaces.RunspaceBase.RunActionIfNoRunningPipelinesWithThreadCheck(Action action)
   at System.Management.Automation.ScriptBlock.InvokeWithPipe(Boolean useLocalScope, ErrorHandlingBehavior errorHandlingBehavior, Object dollarUnder, Object input, Object scriptThis, Pipe outputPipe, InvocationInfo invocationInfo, Boolean propagateAllExceptionsToTop, List`1 variablesToDefine, Dictionary`2 functionsToDefine, Object[] args)
   at System.Management.Automation.ScriptBlock.InvokeAsDelegateHelper(Object dollarUnder, Object dollarThis, Object[] args)
   at System.Windows.EventRoute.InvokeHandlersImpl(Object source, RoutedEventArgs args, Boolean reRaised)
   at System.Windows.UIElement.RaiseEventImpl(DependencyObject sender, RoutedEventArgs args)
   at System.Windows.Controls.Primitives.ButtonBase.OnClick()
   at System.Windows.Controls.Button.OnClick()
   at System.Windows.Controls.Primitives.ButtonBase.OnMouseLeftButtonUp(MouseButtonEventArgs e)
   at System.Windows.RoutedEventArgs.InvokeHandler(Delegate handler, Object target)
   at System.Windows.RoutedEventHandlerInfo.InvokeHandler(Object target, RoutedEventArgs routedEventArgs)
   at System.Windows.EventRoute.InvokeHandlersImpl(Object source, RoutedEventArgs args, Boolean reRaised)
   at System.Windows.UIElement.ReRaiseEventAs(DependencyObject sender, RoutedEventArgs args, RoutedEvent newEvent)
   at System.Windows.UIElement.OnMouseUpThunk(Object sender, MouseButtonEventArgs e)
   at System.Windows.RoutedEventArgs.InvokeHandler(Delegate handler, Object target)
   at System.Windows.RoutedEventHandlerInfo.InvokeHandler(Object target, RoutedEventArgs routedEventArgs)
   at System.Windows.EventRoute.InvokeHandlersImpl(Object source, RoutedEventArgs args, Boolean reRaised)
   at System.Windows.UIElement.RaiseEventImpl(DependencyObject sender, RoutedEventArgs args)
   at System.Windows.UIElement.RaiseTrustedEvent(RoutedEventArgs args)
   at System.Windows.Input.InputManager.ProcessStagingArea()
   at System.Windows.Input.InputManager.ProcessInput(InputEventArgs input)
   at System.Windows.Input.InputProviderSite.ReportInput(InputReport inputReport)
   at System.Windows.Interop.HwndMouseInputProvider.ReportInput(IntPtr hwnd, InputMode mode, Int32 timestamp, RawMouseActions actions, Int32 x, Int32 y, Int32 wheel)
   at System.Windows.Interop.HwndMouseInputProvider.FilterMessage(IntPtr hwnd, WindowMessage msg, IntPtr wParam, IntPtr lParam, Boolean& handled)
   at System.Windows.Interop.HwndSource.InputFilterMessage(IntPtr hwnd, Int32 msg, IntPtr wParam, IntPtr lParam, Boolean& handled)
   at MS.Win32.HwndWrapper.WndProc(IntPtr hwnd, Int32 msg, IntPtr wParam, IntPtr lParam, Boolean& handled)
   at MS.Win32.HwndSubclass.DispatcherCallbackOperation(Object o)
   at System.Windows.Threading.ExceptionWrapper.InternalRealCall(Delegate callback, Object args, Int32 numArgs)
   at System.Windows.Threading.ExceptionWrapper.TryCatchWhen(Object source, Delegate callback, Object args, Int32 numArgs, Delegate catchHandler)

[2026-08-25 01:01:10.051] Unhandled UI dispatcher exception.
Exception: System.Management.Automation.RuntimeException
Message: You cannot call a method on a null-valued expression.
StackTrace:
   at System.Management.Automation.ExceptionHandlingOps.CheckActionPreference(FunctionContext funcContext, Exception exception)
   at System.Management.Automation.Interpreter.ActionCallInstruction`2.Run(InterpretedFrame frame)
   at System.Management.Automation.Interpreter.EnterTryCatchFinallyInstruction.Run(InterpretedFrame frame)
   at System.Management.Automation.Interpreter.EnterTryCatchFinallyInstruction.Run(InterpretedFrame frame)
   at System.Management.Automation.Interpreter.Interpreter.Run(InterpretedFrame frame)
   at System.Management.Automation.Interpreter.LightLambda.RunVoid1[T0](T0 arg0)
   at System.Management.Automation.ScriptBlock.InvokeWithPipeImpl(ScriptBlockClauseToInvoke clauseToInvoke, Boolean createLocalScope, Dictionary`2 functionsToDefine, List`1 variablesToDefine, ErrorHandlingBehavior errorHandlingBehavior, Object dollarUnder, Object input, Object scriptThis, Pipe outputPipe, InvocationInfo invocationInfo, Object[] args)
   at System.Management.Automation.ScriptBlock.<>c__DisplayClass57_0.<InvokeWithPipe>b__0()
   at System.Management.Automation.Runspaces.RunspaceBase.RunActionIfNoRunningPipelinesWithThreadCheck(Action action)
   at System.Management.Automation.ScriptBlock.InvokeWithPipe(Boolean useLocalScope, ErrorHandlingBehavior errorHandlingBehavior, Object dollarUnder, Object input, Object scriptThis, Pipe outputPipe, InvocationInfo invocationInfo, Boolean propagateAllExceptionsToTop, List`1 variablesToDefine, Dictionary`2 functionsToDefine, Object[] args)
   at System.Management.Automation.ScriptBlock.InvokeAsDelegateHelper(Object dollarUnder, Object dollarThis, Object[] args)
   at System.Windows.Window.OnClosed(EventArgs e)
   at System.Windows.Window.WmDestroy()
   at System.Windows.Window.WindowFilterMessage(IntPtr hwnd, Int32 msg, IntPtr wParam, IntPtr lParam, Boolean& handled)
   at System.Windows.Interop.HwndSource.PublicHooksFilterMessage(IntPtr hwnd, Int32 msg, IntPtr wParam, IntPtr lParam, Boolean& handled)
   at MS.Win32.HwndWrapper.WndProc(IntPtr hwnd, Int32 msg, IntPtr wParam, IntPtr lParam, Boolean& handled)
   at MS.Win32.HwndSubclass.DispatcherCallbackOperation(Object o)
   at System.Windows.Threading.ExceptionWrapper.InternalRealCall(Delegate callback, Object args, Int32 numArgs)
   at System.Windows.Threading.ExceptionWrapper.TryCatchWhen(Object source, Delegate callback, Object args, Int32 numArgs, Delegate catchHandler)

[2026-08-25 01:08:19.740] Unhandled UI dispatcher exception.
Exception: System.Management.Automation.RuntimeException
Message: You cannot call a method on a null-valued expression.
StackTrace:
   at System.Management.Automation.ExceptionHandlingOps.CheckActionPreference(FunctionContext funcContext, Exception exception)
   at System.Management.Automation.Interpreter.ActionCallInstruction`2.Run(InterpretedFrame frame)
   at System.Management.Automation.Interpreter.EnterTryCatchFinallyInstruction.Run(InterpretedFrame frame)
   at System.Management.Automation.Interpreter.EnterTryCatchFinallyInstruction.Run(InterpretedFrame frame)
   at System.Management.Automation.Interpreter.Interpreter.Run(InterpretedFrame frame)
   at System.Management.Automation.Interpreter.LightLambda.RunVoid1[T0](T0 arg0)
   at System.Management.Automation.ScriptBlock.InvokeWithPipeImpl(ScriptBlockClauseToInvoke clauseToInvoke, Boolean createLocalScope, Dictionary`2 functionsToDefine, List`1 variablesToDefine, ErrorHandlingBehavior errorHandlingBehavior, Object dollarUnder, Object input, Object scriptThis, Pipe outputPipe, InvocationInfo invocationInfo, Object[] args)
   at System.Management.Automation.ScriptBlock.<>c__DisplayClass57_0.<InvokeWithPipe>b__0()
   at System.Management.Automation.Runspaces.RunspaceBase.RunActionIfNoRunningPipelinesWithThreadCheck(Action action)
   at System.Management.Automation.ScriptBlock.InvokeWithPipe(Boolean useLocalScope, ErrorHandlingBehavior errorHandlingBehavior, Object dollarUnder, Object input, Object scriptThis, Pipe outputPipe, InvocationInfo invocationInfo, Boolean propagateAllExceptionsToTop, List`1 variablesToDefine, Dictionary`2 functionsToDefine, Object[] args)
   at System.Management.Automation.ScriptBlock.InvokeAsDelegateHelper(Object dollarUnder, Object dollarThis, Object[] args)
   at System.Windows.Window.OnClosed(EventArgs e)
   at System.Windows.Window.WmDestroy()
   at System.Windows.Window.WindowFilterMessage(IntPtr hwnd, Int32 msg, IntPtr wParam, IntPtr lParam, Boolean& handled)
   at System.Windows.Interop.HwndSource.PublicHooksFilterMessage(IntPtr hwnd, Int32 msg, IntPtr wParam, IntPtr lParam, Boolean& handled)
   at MS.Win32.HwndWrapper.WndProc(IntPtr hwnd, Int32 msg, IntPtr wParam, IntPtr lParam, Boolean& handled)
   at MS.Win32.HwndSubclass.DispatcherCallbackOperation(Object o)
   at System.Windows.Threading.ExceptionWrapper.InternalRealCall(Delegate callback, Object args, Int32 numArgs)
   at System.Windows.Threading.ExceptionWrapper.TryCatchWhen(Object source, Delegate callback, Object args, Int32 numArgs, Delegate catchHandler)

[2026-08-25 01:12:45.089] Unhandled UI dispatcher exception.
Exception: System.Management.Automation.ParameterBindingValidationException
Message: Cannot bind argument to parameter 'Settings' because it is null.
StackTrace:
   at System.Management.Automation.ExceptionHandlingOps.CheckActionPreference(FunctionContext funcContext, Exception exception)
   at System.Management.Automation.Interpreter.ActionCallInstruction`2.Run(InterpretedFrame frame)
   at System.Management.Automation.Interpreter.EnterTryCatchFinallyInstruction.Run(InterpretedFrame frame)
   at System.Management.Automation.Interpreter.EnterTryCatchFinallyInstruction.Run(InterpretedFrame frame)
   at System.Management.Automation.Interpreter.Interpreter.Run(InterpretedFrame frame)
   at System.Management.Automation.Interpreter.LightLambda.RunVoid1[T0](T0 arg0)
   at System.Management.Automation.ScriptBlock.InvokeWithPipeImpl(ScriptBlockClauseToInvoke clauseToInvoke, Boolean createLocalScope, Dictionary`2 functionsToDefine, List`1 variablesToDefine, ErrorHandlingBehavior errorHandlingBehavior, Object dollarUnder, Object input, Object scriptThis, Pipe outputPipe, InvocationInfo invocationInfo, Object[] args)
   at System.Management.Automation.ScriptBlock.<>c__DisplayClass57_0.<InvokeWithPipe>b__0()
   at System.Management.Automation.Runspaces.RunspaceBase.RunActionIfNoRunningPipelinesWithThreadCheck(Action action)
   at System.Management.Automation.ScriptBlock.InvokeWithPipe(Boolean useLocalScope, ErrorHandlingBehavior errorHandlingBehavior, Object dollarUnder, Object input, Object scriptThis, Pipe outputPipe, InvocationInfo invocationInfo, Boolean propagateAllExceptionsToTop, List`1 variablesToDefine, Dictionary`2 functionsToDefine, Object[] args)
   at System.Management.Automation.ScriptBlock.InvokeAsDelegateHelper(Object dollarUnder, Object dollarThis, Object[] args)
   at System.Windows.EventRoute.InvokeHandlersImpl(Object source, RoutedEventArgs args, Boolean reRaised)
   at System.Windows.UIElement.RaiseEventImpl(DependencyObject sender, RoutedEventArgs args)
   at System.Windows.Controls.Primitives.ButtonBase.OnClick()
   at System.Windows.Controls.Button.OnClick()
   at System.Windows.Controls.Primitives.ButtonBase.OnMouseLeftButtonUp(MouseButtonEventArgs e)
   at System.Windows.RoutedEventArgs.InvokeHandler(Delegate handler, Object target)
   at System.Windows.RoutedEventHandlerInfo.InvokeHandler(Object target, RoutedEventArgs routedEventArgs)
   at System.Windows.EventRoute.InvokeHandlersImpl(Object source, RoutedEventArgs args, Boolean reRaised)
   at System.Windows.UIElement.ReRaiseEventAs(DependencyObject sender, RoutedEventArgs args, RoutedEvent newEvent)
   at System.Windows.UIElement.OnMouseUpThunk(Object sender, MouseButtonEventArgs e)
   at System.Windows.RoutedEventArgs.InvokeHandler(Delegate handler, Object target)
   at System.Windows.RoutedEventHandlerInfo.InvokeHandler(Object target, RoutedEventArgs routedEventArgs)
   at System.Windows.EventRoute.InvokeHandlersImpl(Object source, RoutedEventArgs args, Boolean reRaised)
   at System.Windows.UIElement.RaiseEventImpl(DependencyObject sender, RoutedEventArgs args)
   at System.Windows.UIElement.RaiseTrustedEvent(RoutedEventArgs args)
   at System.Windows.Input.InputManager.ProcessStagingArea()
   at System.Windows.Input.InputManager.ProcessInput(InputEventArgs input)
   at System.Windows.Input.InputProviderSite.ReportInput(InputReport inputReport)
   at System.Windows.Interop.HwndMouseInputProvider.ReportInput(IntPtr hwnd, InputMode mode, Int32 timestamp, RawMouseActions actions, Int32 x, Int32 y, Int32 wheel)
   at System.Windows.Interop.HwndMouseInputProvider.FilterMessage(IntPtr hwnd, WindowMessage msg, IntPtr wParam, IntPtr lParam, Boolean& handled)
   at System.Windows.Interop.HwndSource.InputFilterMessage(IntPtr hwnd, Int32 msg, IntPtr wParam, IntPtr lParam, Boolean& handled)
   at MS.Win32.HwndWrapper.WndProc(IntPtr hwnd, Int32 msg, IntPtr wParam, IntPtr lParam, Boolean& handled)
   at MS.Win32.HwndSubclass.DispatcherCallbackOperation(Object o)
   at System.Windows.Threading.ExceptionWrapper.InternalRealCall(Delegate callback, Object args, Int32 numArgs)
   at System.Windows.Threading.ExceptionWrapper.TryCatchWhen(Object source, Delegate callback, Object args, Int32 numArgs, Delegate catchHandler)

[2026-08-25 01:12:54.871] Unhandled UI dispatcher exception.
Exception: System.Management.Automation.ParameterBindingValidationException
Message: Cannot bind argument to parameter 'Settings' because it is null.
StackTrace:
   at System.Management.Automation.ExceptionHandlingOps.CheckActionPreference(FunctionContext funcContext, Exception exception)
   at System.Management.Automation.Interpreter.ActionCallInstruction`2.Run(InterpretedFrame frame)
   at System.Management.Automation.Interpreter.EnterTryCatchFinallyInstruction.Run(InterpretedFrame frame)
   at System.Management.Automation.Interpreter.EnterTryCatchFinallyInstruction.Run(InterpretedFrame frame)
   at System.Management.Automation.Interpreter.Interpreter.Run(InterpretedFrame frame)
   at System.Management.Automation.Interpreter.LightLambda.RunVoid1[T0](T0 arg0)
   at System.Management.Automation.ScriptBlock.InvokeWithPipeImpl(ScriptBlockClauseToInvoke clauseToInvoke, Boolean createLocalScope, Dictionary`2 functionsToDefine, List`1 variablesToDefine, ErrorHandlingBehavior errorHandlingBehavior, Object dollarUnder, Object input, Object scriptThis, Pipe outputPipe, InvocationInfo invocationInfo, Object[] args)
   at System.Management.Automation.ScriptBlock.<>c__DisplayClass57_0.<InvokeWithPipe>b__0()
   at System.Management.Automation.Runspaces.RunspaceBase.RunActionIfNoRunningPipelinesWithThreadCheck(Action action)
   at System.Management.Automation.ScriptBlock.InvokeWithPipe(Boolean useLocalScope, ErrorHandlingBehavior errorHandlingBehavior, Object dollarUnder, Object input, Object scriptThis, Pipe outputPipe, InvocationInfo invocationInfo, Boolean propagateAllExceptionsToTop, List`1 variablesToDefine, Dictionary`2 functionsToDefine, Object[] args)
   at System.Management.Automation.ScriptBlock.InvokeAsDelegateHelper(Object dollarUnder, Object dollarThis, Object[] args)
   at System.Windows.EventRoute.InvokeHandlersImpl(Object source, RoutedEventArgs args, Boolean reRaised)
   at System.Windows.UIElement.RaiseEventImpl(DependencyObject sender, RoutedEventArgs args)
   at System.Windows.Controls.Primitives.ButtonBase.OnClick()
   at System.Windows.Controls.Button.OnClick()
   at System.Windows.Controls.Primitives.ButtonBase.OnMouseLeftButtonUp(MouseButtonEventArgs e)
   at System.Windows.RoutedEventArgs.InvokeHandler(Delegate handler, Object target)
   at System.Windows.RoutedEventHandlerInfo.InvokeHandler(Object target, RoutedEventArgs routedEventArgs)
   at System.Windows.EventRoute.InvokeHandlersImpl(Object source, RoutedEventArgs args, Boolean reRaised)
   at System.Windows.UIElement.ReRaiseEventAs(DependencyObject sender, RoutedEventArgs args, RoutedEvent newEvent)
   at System.Windows.UIElement.OnMouseUpThunk(Object sender, MouseButtonEventArgs e)
   at System.Windows.RoutedEventArgs.InvokeHandler(Delegate handler, Object target)
   at System.Windows.RoutedEventHandlerInfo.InvokeHandler(Object target, RoutedEventArgs routedEventArgs)
   at System.Windows.EventRoute.InvokeHandlersImpl(Object source, RoutedEventArgs args, Boolean reRaised)
   at System.Windows.UIElement.RaiseEventImpl(DependencyObject sender, RoutedEventArgs args)
   at System.Windows.UIElement.RaiseTrustedEvent(RoutedEventArgs args)
   at System.Windows.Input.InputManager.ProcessStagingArea()
   at System.Windows.Input.InputManager.ProcessInput(InputEventArgs input)
   at System.Windows.Input.InputProviderSite.ReportInput(InputReport inputReport)
   at System.Windows.Interop.HwndMouseInputProvider.ReportInput(IntPtr hwnd, InputMode mode, Int32 timestamp, RawMouseActions actions, Int32 x, Int32 y, Int32 wheel)
   at System.Windows.Interop.HwndMouseInputProvider.FilterMessage(IntPtr hwnd, WindowMessage msg, IntPtr wParam, IntPtr lParam, Boolean& handled)
   at System.Windows.Interop.HwndSource.InputFilterMessage(IntPtr hwnd, Int32 msg, IntPtr wParam, IntPtr lParam, Boolean& handled)
   at MS.Win32.HwndWrapper.WndProc(IntPtr hwnd, Int32 msg, IntPtr wParam, IntPtr lParam, Boolean& handled)
   at MS.Win32.HwndSubclass.DispatcherCallbackOperation(Object o)
   at System.Windows.Threading.ExceptionWrapper.InternalRealCall(Delegate callback, Object args, Int32 numArgs)
   at System.Windows.Threading.ExceptionWrapper.TryCatchWhen(Object source, Delegate callback, Object args, Int32 numArgs, Delegate catchHandler)

[2026-08-25 01:13:16.524] Unhandled UI dispatcher exception.
Exception: System.Management.Automation.ParameterBindingValidationException
Message: Cannot bind argument to parameter 'Settings' because it is null.
StackTrace:
   at System.Management.Automation.ExceptionHandlingOps.CheckActionPreference(FunctionContext funcContext, Exception exception)
   at System.Management.Automation.Interpreter.ActionCallInstruction`2.Run(InterpretedFrame frame)
   at System.Management.Automation.Interpreter.EnterTryCatchFinallyInstruction.Run(InterpretedFrame frame)
   at System.Management.Automation.Interpreter.EnterTryCatchFinallyInstruction.Run(InterpretedFrame frame)
   at System.Management.Automation.Interpreter.Interpreter.Run(InterpretedFrame frame)
   at System.Management.Automation.Interpreter.LightLambda.RunVoid1[T0](T0 arg0)
   at System.Management.Automation.ScriptBlock.InvokeWithPipeImpl(ScriptBlockClauseToInvoke clauseToInvoke, Boolean createLocalScope, Dictionary`2 functionsToDefine, List`1 variablesToDefine, ErrorHandlingBehavior errorHandlingBehavior, Object dollarUnder, Object input, Object scriptThis, Pipe outputPipe, InvocationInfo invocationInfo, Object[] args)
   at System.Management.Automation.ScriptBlock.<>c__DisplayClass57_0.<InvokeWithPipe>b__0()
   at System.Management.Automation.Runspaces.RunspaceBase.RunActionIfNoRunningPipelinesWithThreadCheck(Action action)
   at System.Management.Automation.ScriptBlock.InvokeWithPipe(Boolean useLocalScope, ErrorHandlingBehavior errorHandlingBehavior, Object dollarUnder, Object input, Object scriptThis, Pipe outputPipe, InvocationInfo invocationInfo, Boolean propagateAllExceptionsToTop, List`1 variablesToDefine, Dictionary`2 functionsToDefine, Object[] args)
   at System.Management.Automation.ScriptBlock.InvokeAsDelegateHelper(Object dollarUnder, Object dollarThis, Object[] args)
   at System.Windows.EventRoute.InvokeHandlersImpl(Object source, RoutedEventArgs args, Boolean reRaised)
   at System.Windows.UIElement.RaiseEventImpl(DependencyObject sender, RoutedEventArgs args)
   at System.Windows.Controls.Primitives.ButtonBase.OnClick()
   at System.Windows.Controls.Button.OnClick()
   at System.Windows.Controls.Primitives.ButtonBase.OnMouseLeftButtonUp(MouseButtonEventArgs e)
   at System.Windows.RoutedEventArgs.InvokeHandler(Delegate handler, Object target)
   at System.Windows.RoutedEventHandlerInfo.InvokeHandler(Object target, RoutedEventArgs routedEventArgs)
   at System.Windows.EventRoute.InvokeHandlersImpl(Object source, RoutedEventArgs args, Boolean reRaised)
   at System.Windows.UIElement.ReRaiseEventAs(DependencyObject sender, RoutedEventArgs args, RoutedEvent newEvent)
   at System.Windows.UIElement.OnMouseUpThunk(Object sender, MouseButtonEventArgs e)
   at System.Windows.RoutedEventArgs.InvokeHandler(Delegate handler, Object target)
   at System.Windows.RoutedEventHandlerInfo.InvokeHandler(Object target, RoutedEventArgs routedEventArgs)
   at System.Windows.EventRoute.InvokeHandlersImpl(Object source, RoutedEventArgs args, Boolean reRaised)
   at System.Windows.UIElement.RaiseEventImpl(DependencyObject sender, RoutedEventArgs args)
   at System.Windows.UIElement.RaiseTrustedEvent(RoutedEventArgs args)
   at System.Windows.Input.InputManager.ProcessStagingArea()
   at System.Windows.Input.InputManager.ProcessInput(InputEventArgs input)
   at System.Windows.Input.InputProviderSite.ReportInput(InputReport inputReport)
   at System.Windows.Interop.HwndMouseInputProvider.ReportInput(IntPtr hwnd, InputMode mode, Int32 timestamp, RawMouseActions actions, Int32 x, Int32 y, Int32 wheel)
   at System.Windows.Interop.HwndMouseInputProvider.FilterMessage(IntPtr hwnd, WindowMessage msg, IntPtr wParam, IntPtr lParam, Boolean& handled)
   at System.Windows.Interop.HwndSource.InputFilterMessage(IntPtr hwnd, Int32 msg, IntPtr wParam, IntPtr lParam, Boolean& handled)
   at MS.Win32.HwndWrapper.WndProc(IntPtr hwnd, Int32 msg, IntPtr wParam, IntPtr lParam, Boolean& handled)
   at MS.Win32.HwndSubclass.DispatcherCallbackOperation(Object o)
   at System.Windows.Threading.ExceptionWrapper.InternalRealCall(Delegate callback, Object args, Int32 numArgs)
   at System.Windows.Threading.ExceptionWrapper.TryCatchWhen(Object source, Delegate callback, Object args, Int32 numArgs, Delegate catchHandler)

[2026-08-25 01:13:20.343] Unhandled UI dispatcher exception.
Exception: System.Management.Automation.RuntimeException
Message: You cannot call a method on a null-valued expression.
StackTrace:
   at System.Management.Automation.ExceptionHandlingOps.CheckActionPreference(FunctionContext funcContext, Exception exception)
   at System.Management.Automation.Interpreter.ActionCallInstruction`2.Run(InterpretedFrame frame)
   at System.Management.Automation.Interpreter.EnterTryCatchFinallyInstruction.Run(InterpretedFrame frame)
   at System.Management.Automation.Interpreter.EnterTryCatchFinallyInstruction.Run(InterpretedFrame frame)
   at System.Management.Automation.Interpreter.Interpreter.Run(InterpretedFrame frame)
   at System.Management.Automation.Interpreter.LightLambda.RunVoid1[T0](T0 arg0)
   at System.Management.Automation.ScriptBlock.InvokeWithPipeImpl(ScriptBlockClauseToInvoke clauseToInvoke, Boolean createLocalScope, Dictionary`2 functionsToDefine, List`1 variablesToDefine, ErrorHandlingBehavior errorHandlingBehavior, Object dollarUnder, Object input, Object scriptThis, Pipe outputPipe, InvocationInfo invocationInfo, Object[] args)
   at System.Management.Automation.ScriptBlock.<>c__DisplayClass57_0.<InvokeWithPipe>b__0()
   at System.Management.Automation.Runspaces.RunspaceBase.RunActionIfNoRunningPipelinesWithThreadCheck(Action action)
   at System.Management.Automation.ScriptBlock.InvokeWithPipe(Boolean useLocalScope, ErrorHandlingBehavior errorHandlingBehavior, Object dollarUnder, Object input, Object scriptThis, Pipe outputPipe, InvocationInfo invocationInfo, Boolean propagateAllExceptionsToTop, List`1 variablesToDefine, Dictionary`2 functionsToDefine, Object[] args)
   at System.Management.Automation.ScriptBlock.InvokeAsDelegateHelper(Object dollarUnder, Object dollarThis, Object[] args)
   at System.Windows.Window.OnClosed(EventArgs e)
   at System.Windows.Window.WmDestroy()
   at System.Windows.Window.WindowFilterMessage(IntPtr hwnd, Int32 msg, IntPtr wParam, IntPtr lParam, Boolean& handled)
   at System.Windows.Interop.HwndSource.PublicHooksFilterMessage(IntPtr hwnd, Int32 msg, IntPtr wParam, IntPtr lParam, Boolean& handled)
   at MS.Win32.HwndWrapper.WndProc(IntPtr hwnd, Int32 msg, IntPtr wParam, IntPtr lParam, Boolean& handled)
   at MS.Win32.HwndSubclass.DispatcherCallbackOperation(Object o)
   at System.Windows.Threading.ExceptionWrapper.InternalRealCall(Delegate callback, Object args, Int32 numArgs)
   at System.Windows.Threading.ExceptionWrapper.TryCatchWhen(Object source, Delegate callback, Object args, Int32 numArgs, Delegate catchHandler)

[2026-08-25 01:13:21.862] Unhandled UI dispatcher exception.
Exception: System.Management.Automation.RuntimeException
Message: You cannot call a method on a null-valued expression.
StackTrace:
   at System.Management.Automation.ExceptionHandlingOps.CheckActionPreference(FunctionContext funcContext, Exception exception)
   at System.Management.Automation.Interpreter.ActionCallInstruction`2.Run(InterpretedFrame frame)
   at System.Management.Automation.Interpreter.EnterTryCatchFinallyInstruction.Run(InterpretedFrame frame)
   at System.Management.Automation.Interpreter.EnterTryCatchFinallyInstruction.Run(InterpretedFrame frame)
   at System.Management.Automation.Interpreter.Interpreter.Run(InterpretedFrame frame)
   at System.Management.Automation.Interpreter.LightLambda.RunVoid1[T0](T0 arg0)
   at System.Management.Automation.ScriptBlock.InvokeWithPipeImpl(ScriptBlockClauseToInvoke clauseToInvoke, Boolean createLocalScope, Dictionary`2 functionsToDefine, List`1 variablesToDefine, ErrorHandlingBehavior errorHandlingBehavior, Object dollarUnder, Object input, Object scriptThis, Pipe outputPipe, InvocationInfo invocationInfo, Object[] args)
   at System.Management.Automation.ScriptBlock.<>c__DisplayClass57_0.<InvokeWithPipe>b__0()
   at System.Management.Automation.Runspaces.RunspaceBase.RunActionIfNoRunningPipelinesWithThreadCheck(Action action)
   at System.Management.Automation.ScriptBlock.InvokeWithPipe(Boolean useLocalScope, ErrorHandlingBehavior errorHandlingBehavior, Object dollarUnder, Object input, Object scriptThis, Pipe outputPipe, InvocationInfo invocationInfo, Boolean propagateAllExceptionsToTop, List`1 variablesToDefine, Dictionary`2 functionsToDefine, Object[] args)
   at System.Management.Automation.ScriptBlock.InvokeAsDelegateHelper(Object dollarUnder, Object dollarThis, Object[] args)
   at System.Windows.Window.OnClosed(EventArgs e)
   at System.Windows.Window.WmDestroy()
   at System.Windows.Window.WindowFilterMessage(IntPtr hwnd, Int32 msg, IntPtr wParam, IntPtr lParam, Boolean& handled)
   at System.Windows.Interop.HwndSource.PublicHooksFilterMessage(IntPtr hwnd, Int32 msg, IntPtr wParam, IntPtr lParam, Boolean& handled)
   at MS.Win32.HwndWrapper.WndProc(IntPtr hwnd, Int32 msg, IntPtr wParam, IntPtr lParam, Boolean& handled)
   at MS.Win32.HwndSubclass.DispatcherCallbackOperation(Object o)
   at System.Windows.Threading.ExceptionWrapper.InternalRealCall(Delegate callback, Object args, Int32 numArgs)
   at System.Windows.Threading.ExceptionWrapper.TryCatchWhen(Object source, Delegate callback, Object args, Int32 numArgs, Delegate catchHandler)

[2026-08-25 01:13:22.579] Unhandled UI dispatcher exception.
Exception: System.Management.Automation.RuntimeException
Message: You cannot call a method on a null-valued expression.
StackTrace:
   at System.Management.Automation.ExceptionHandlingOps.CheckActionPreference(FunctionContext funcContext, Exception exception)
   at System.Management.Automation.Interpreter.ActionCallInstruction`2.Run(InterpretedFrame frame)
   at System.Management.Automation.Interpreter.EnterTryCatchFinallyInstruction.Run(InterpretedFrame frame)
   at System.Management.Automation.Interpreter.EnterTryCatchFinallyInstruction.Run(InterpretedFrame frame)
   at System.Management.Automation.Interpreter.Interpreter.Run(InterpretedFrame frame)
   at System.Management.Automation.Interpreter.LightLambda.RunVoid1[T0](T0 arg0)
   at System.Management.Automation.ScriptBlock.InvokeWithPipeImpl(ScriptBlockClauseToInvoke clauseToInvoke, Boolean createLocalScope, Dictionary`2 functionsToDefine, List`1 variablesToDefine, ErrorHandlingBehavior errorHandlingBehavior, Object dollarUnder, Object input, Object scriptThis, Pipe outputPipe, InvocationInfo invocationInfo, Object[] args)
   at System.Management.Automation.ScriptBlock.<>c__DisplayClass57_0.<InvokeWithPipe>b__0()
   at System.Management.Automation.Runspaces.RunspaceBase.RunActionIfNoRunningPipelinesWithThreadCheck(Action action)
   at System.Management.Automation.ScriptBlock.InvokeWithPipe(Boolean useLocalScope, ErrorHandlingBehavior errorHandlingBehavior, Object dollarUnder, Object input, Object scriptThis, Pipe outputPipe, InvocationInfo invocationInfo, Boolean propagateAllExceptionsToTop, List`1 variablesToDefine, Dictionary`2 functionsToDefine, Object[] args)
   at System.Management.Automation.ScriptBlock.InvokeAsDelegateHelper(Object dollarUnder, Object dollarThis, Object[] args)
   at System.Windows.Window.OnClosed(EventArgs e)
   at System.Windows.Window.WmDestroy()
   at System.Windows.Window.WindowFilterMessage(IntPtr hwnd, Int32 msg, IntPtr wParam, IntPtr lParam, Boolean& handled)
   at System.Windows.Interop.HwndSource.PublicHooksFilterMessage(IntPtr hwnd, Int32 msg, IntPtr wParam, IntPtr lParam, Boolean& handled)
   at MS.Win32.HwndWrapper.WndProc(IntPtr hwnd, Int32 msg, IntPtr wParam, IntPtr lParam, Boolean& handled)
   at MS.Win32.HwndSubclass.DispatcherCallbackOperation(Object o)
   at System.Windows.Threading.ExceptionWrapper.InternalRealCall(Delegate callback, Object args, Int32 numArgs)
   at System.Windows.Threading.ExceptionWrapper.TryCatchWhen(Object source, Delegate callback, Object args, Int32 numArgs, Delegate catchHandler)

[2026-08-25 08:24:35.392] Unhandled UI dispatcher exception.
Exception: System.Management.Automation.RuntimeException
Message: You cannot call a method on a null-valued expression.
StackTrace:
   at System.Management.Automation.ExceptionHandlingOps.CheckActionPreference(FunctionContext funcContext, Exception exception)
   at System.Management.Automation.Interpreter.ActionCallInstruction`2.Run(InterpretedFrame frame)
   at System.Management.Automation.Interpreter.EnterTryCatchFinallyInstruction.Run(InterpretedFrame frame)
   at System.Management.Automation.Interpreter.EnterTryCatchFinallyInstruction.Run(InterpretedFrame frame)
   at System.Management.Automation.Interpreter.Interpreter.Run(InterpretedFrame frame)
   at System.Management.Automation.Interpreter.LightLambda.RunVoid1[T0](T0 arg0)
   at System.Management.Automation.ScriptBlock.InvokeWithPipeImpl(ScriptBlockClauseToInvoke clauseToInvoke, Boolean createLocalScope, Dictionary`2 functionsToDefine, List`1 variablesToDefine, ErrorHandlingBehavior errorHandlingBehavior, Object dollarUnder, Object input, Object scriptThis, Pipe outputPipe, InvocationInfo invocationInfo, Object[] args)
   at System.Management.Automation.ScriptBlock.<>c__DisplayClass57_0.<InvokeWithPipe>b__0()
   at System.Management.Automation.Runspaces.RunspaceBase.RunActionIfNoRunningPipelinesWithThreadCheck(Action action)
   at System.Management.Automation.ScriptBlock.InvokeWithPipe(Boolean useLocalScope, ErrorHandlingBehavior errorHandlingBehavior, Object dollarUnder, Object input, Object scriptThis, Pipe outputPipe, InvocationInfo invocationInfo, Boolean propagateAllExceptionsToTop, List`1 variablesToDefine, Dictionary`2 functionsToDefine, Object[] args)
   at System.Management.Automation.ScriptBlock.InvokeAsDelegateHelper(Object dollarUnder, Object dollarThis, Object[] args)
   at System.Windows.Window.OnClosed(EventArgs e)
   at System.Windows.Window.WmDestroy()
   at System.Windows.Window.WindowFilterMessage(IntPtr hwnd, Int32 msg, IntPtr wParam, IntPtr lParam, Boolean& handled)
   at System.Windows.Interop.HwndSource.PublicHooksFilterMessage(IntPtr hwnd, Int32 msg, IntPtr wParam, IntPtr lParam, Boolean& handled)
   at MS.Win32.HwndWrapper.WndProc(IntPtr hwnd, Int32 msg, IntPtr wParam, IntPtr lParam, Boolean& handled)
   at MS.Win32.HwndSubclass.DispatcherCallbackOperation(Object o)
   at System.Windows.Threading.ExceptionWrapper.InternalRealCall(Delegate callback, Object args, Int32 numArgs)
   at System.Windows.Threading.ExceptionWrapper.TryCatchWhen(Object source, Delegate callback, Object args, Int32 numArgs, Delegate catchHandler)

[2026-08-25 08:24:38.111] Unhandled UI dispatcher exception.
Exception: System.Management.Automation.RuntimeException
Message: You cannot call a method on a null-valued expression.
StackTrace:
   at System.Management.Automation.ExceptionHandlingOps.CheckActionPreference(FunctionContext funcContext, Exception exception)
   at System.Management.Automation.Interpreter.ActionCallInstruction`2.Run(InterpretedFrame frame)
   at System.Management.Automation.Interpreter.EnterTryCatchFinallyInstruction.Run(InterpretedFrame frame)
   at System.Management.Automation.Interpreter.EnterTryCatchFinallyInstruction.Run(InterpretedFrame frame)
   at System.Management.Automation.Interpreter.Interpreter.Run(InterpretedFrame frame)
   at System.Management.Automation.Interpreter.LightLambda.RunVoid1[T0](T0 arg0)
   at System.Management.Automation.ScriptBlock.InvokeWithPipeImpl(ScriptBlockClauseToInvoke clauseToInvoke, Boolean createLocalScope, Dictionary`2 functionsToDefine, List`1 variablesToDefine, ErrorHandlingBehavior errorHandlingBehavior, Object dollarUnder, Object input, Object scriptThis, Pipe outputPipe, InvocationInfo invocationInfo, Object[] args)
   at System.Management.Automation.ScriptBlock.<>c__DisplayClass57_0.<InvokeWithPipe>b__0()
   at System.Management.Automation.Runspaces.RunspaceBase.RunActionIfNoRunningPipelinesWithThreadCheck(Action action)
   at System.Management.Automation.ScriptBlock.InvokeWithPipe(Boolean useLocalScope, ErrorHandlingBehavior errorHandlingBehavior, Object dollarUnder, Object input, Object scriptThis, Pipe outputPipe, InvocationInfo invocationInfo, Boolean propagateAllExceptionsToTop, List`1 variablesToDefine, Dictionary`2 functionsToDefine, Object[] args)
   at System.Management.Automation.ScriptBlock.InvokeAsDelegateHelper(Object dollarUnder, Object dollarThis, Object[] args)
   at System.Windows.Window.OnClosed(EventArgs e)
   at System.Windows.Window.WmDestroy()
   at System.Windows.Window.WindowFilterMessage(IntPtr hwnd, Int32 msg, IntPtr wParam, IntPtr lParam, Boolean& handled)
   at System.Windows.Interop.HwndSource.PublicHooksFilterMessage(IntPtr hwnd, Int32 msg, IntPtr wParam, IntPtr lParam, Boolean& handled)
   at MS.Win32.HwndWrapper.WndProc(IntPtr hwnd, Int32 msg, IntPtr wParam, IntPtr lParam, Boolean& handled)
   at MS.Win32.HwndSubclass.DispatcherCallbackOperation(Object o)
   at System.Windows.Threading.ExceptionWrapper.InternalRealCall(Delegate callback, Object args, Int32 numArgs)
   at System.Windows.Threading.ExceptionWrapper.TryCatchWhen(Object source, Delegate callback, Object args, Int32 numArgs, Delegate catchHandler)

[2026-08-25 10:25:40.980] Unhandled UI dispatcher exception.
Exception: System.Management.Automation.RuntimeException
Message: You cannot call a method on a null-valued expression.
StackTrace:
   at System.Management.Automation.ExceptionHandlingOps.CheckActionPreference(FunctionContext funcContext, Exception exception)
   at System.Management.Automation.Interpreter.ActionCallInstruction`2.Run(InterpretedFrame frame)
   at System.Management.Automation.Interpreter.EnterTryCatchFinallyInstruction.Run(InterpretedFrame frame)
   at System.Management.Automation.Interpreter.EnterTryCatchFinallyInstruction.Run(InterpretedFrame frame)
   at System.Management.Automation.Interpreter.Interpreter.Run(InterpretedFrame frame)
   at System.Management.Automation.Interpreter.LightLambda.RunVoid1[T0](T0 arg0)
   at System.Management.Automation.ScriptBlock.InvokeWithPipeImpl(ScriptBlockClauseToInvoke clauseToInvoke, Boolean createLocalScope, Dictionary`2 functionsToDefine, List`1 variablesToDefine, ErrorHandlingBehavior errorHandlingBehavior, Object dollarUnder, Object input, Object scriptThis, Pipe outputPipe, InvocationInfo invocationInfo, Object[] args)
   at System.Management.Automation.ScriptBlock.<>c__DisplayClass57_0.<InvokeWithPipe>b__0()
   at System.Management.Automation.Runspaces.RunspaceBase.RunActionIfNoRunningPipelinesWithThreadCheck(Action action)
   at System.Management.Automation.ScriptBlock.InvokeWithPipe(Boolean useLocalScope, ErrorHandlingBehavior errorHandlingBehavior, Object dollarUnder, Object input, Object scriptThis, Pipe outputPipe, InvocationInfo invocationInfo, Boolean propagateAllExceptionsToTop, List`1 variablesToDefine, Dictionary`2 functionsToDefine, Object[] args)
   at System.Management.Automation.ScriptBlock.InvokeAsDelegateHelper(Object dollarUnder, Object dollarThis, Object[] args)
   at System.Windows.Window.OnClosed(EventArgs e)
   at System.Windows.Window.WmDestroy()
   at System.Windows.Window.WindowFilterMessage(IntPtr hwnd, Int32 msg, IntPtr wParam, IntPtr lParam, Boolean& handled)
   at System.Windows.Interop.HwndSource.PublicHooksFilterMessage(IntPtr hwnd, Int32 msg, IntPtr wParam, IntPtr lParam, Boolean& handled)
   at MS.Win32.HwndWrapper.WndProc(IntPtr hwnd, Int32 msg, IntPtr wParam, IntPtr lParam, Boolean& handled)
   at MS.Win32.HwndSubclass.DispatcherCallbackOperation(Object o)
   at System.Windows.Threading.ExceptionWrapper.InternalRealCall(Delegate callback, Object args, Int32 numArgs)
   at System.Windows.Threading.ExceptionWrapper.TryCatchWhen(Object source, Delegate callback, Object args, Int32 numArgs, Delegate catchHandler)

[2026-08-25 12:53:56.616] Unhandled UI dispatcher exception.
Exception: System.Management.Automation.RuntimeException
Message: You cannot call a method on a null-valued expression.
StackTrace:
   at System.Management.Automation.ExceptionHandlingOps.CheckActionPreference(FunctionContext funcContext, Exception exception)
   at System.Management.Automation.Interpreter.ActionCallInstruction`2.Run(InterpretedFrame frame)
   at System.Management.Automation.Interpreter.EnterTryCatchFinallyInstruction.Run(InterpretedFrame frame)
   at System.Management.Automation.Interpreter.EnterTryCatchFinallyInstruction.Run(InterpretedFrame frame)
   at System.Management.Automation.Interpreter.Interpreter.Run(InterpretedFrame frame)
   at System.Management.Automation.Interpreter.LightLambda.RunVoid1[T0](T0 arg0)
   at System.Management.Automation.ScriptBlock.InvokeWithPipeImpl(ScriptBlockClauseToInvoke clauseToInvoke, Boolean createLocalScope, Dictionary`2 functionsToDefine, List`1 variablesToDefine, ErrorHandlingBehavior errorHandlingBehavior, Object dollarUnder, Object input, Object scriptThis, Pipe outputPipe, InvocationInfo invocationInfo, Object[] args)
   at System.Management.Automation.ScriptBlock.<>c__DisplayClass57_0.<InvokeWithPipe>b__0()
   at System.Management.Automation.Runspaces.RunspaceBase.RunActionIfNoRunningPipelinesWithThreadCheck(Action action)
   at System.Management.Automation.ScriptBlock.InvokeWithPipe(Boolean useLocalScope, ErrorHandlingBehavior errorHandlingBehavior, Object dollarUnder, Object input, Object scriptThis, Pipe outputPipe, InvocationInfo invocationInfo, Boolean propagateAllExceptionsToTop, List`1 variablesToDefine, Dictionary`2 functionsToDefine, Object[] args)
   at System.Management.Automation.ScriptBlock.InvokeAsDelegateHelper(Object dollarUnder, Object dollarThis, Object[] args)
   at System.Windows.Window.OnClosed(EventArgs e)
   at System.Windows.Window.WmDestroy()
   at System.Windows.Window.WindowFilterMessage(IntPtr hwnd, Int32 msg, IntPtr wParam, IntPtr lParam, Boolean& handled)
   at System.Windows.Interop.HwndSource.PublicHooksFilterMessage(IntPtr hwnd, Int32 msg, IntPtr wParam, IntPtr lParam, Boolean& handled)
   at MS.Win32.HwndWrapper.WndProc(IntPtr hwnd, Int32 msg, IntPtr wParam, IntPtr lParam, Boolean& handled)
   at MS.Win32.HwndSubclass.DispatcherCallbackOperation(Object o)
   at System.Windows.Threading.ExceptionWrapper.InternalRealCall(Delegate callback, Object args, Int32 numArgs)
   at System.Windows.Threading.ExceptionWrapper.TryCatchWhen(Object source, Delegate callback, Object args, Int32 numArgs, Delegate catchHandler)

[2026-08-25 13:13:47.192] Unhandled UI dispatcher exception.
Exception: System.Management.Automation.RuntimeException
Message: You cannot call a method on a null-valued expression.
StackTrace:
   at System.Management.Automation.ExceptionHandlingOps.CheckActionPreference(FunctionContext funcContext, Exception exception)
   at System.Management.Automation.Interpreter.ActionCallInstruction`2.Run(InterpretedFrame frame)
   at System.Management.Automation.Interpreter.EnterTryCatchFinallyInstruction.Run(InterpretedFrame frame)
   at System.Management.Automation.Interpreter.EnterTryCatchFinallyInstruction.Run(InterpretedFrame frame)
   at System.Management.Automation.Interpreter.Interpreter.Run(InterpretedFrame frame)
   at System.Management.Automation.Interpreter.LightLambda.RunVoid1[T0](T0 arg0)
   at System.Management.Automation.ScriptBlock.InvokeWithPipeImpl(ScriptBlockClauseToInvoke clauseToInvoke, Boolean createLocalScope, Dictionary`2 functionsToDefine, List`1 variablesToDefine, ErrorHandlingBehavior errorHandlingBehavior, Object dollarUnder, Object input, Object scriptThis, Pipe outputPipe, InvocationInfo invocationInfo, Object[] args)
   at System.Management.Automation.ScriptBlock.<>c__DisplayClass57_0.<InvokeWithPipe>b__0()
   at System.Management.Automation.Runspaces.RunspaceBase.RunActionIfNoRunningPipelinesWithThreadCheck(Action action)
   at System.Management.Automation.ScriptBlock.InvokeWithPipe(Boolean useLocalScope, ErrorHandlingBehavior errorHandlingBehavior, Object dollarUnder, Object input, Object scriptThis, Pipe outputPipe, InvocationInfo invocationInfo, Boolean propagateAllExceptionsToTop, List`1 variablesToDefine, Dictionary`2 functionsToDefine, Object[] args)
   at System.Management.Automation.ScriptBlock.InvokeAsDelegateHelper(Object dollarUnder, Object dollarThis, Object[] args)
   at System.Windows.Window.OnClosed(EventArgs e)
   at System.Windows.Window.WmDestroy()
   at System.Windows.Window.WindowFilterMessage(IntPtr hwnd, Int32 msg, IntPtr wParam, IntPtr lParam, Boolean& handled)
   at System.Windows.Interop.HwndSource.PublicHooksFilterMessage(IntPtr hwnd, Int32 msg, IntPtr wParam, IntPtr lParam, Boolean& handled)
   at MS.Win32.HwndWrapper.WndProc(IntPtr hwnd, Int32 msg, IntPtr wParam, IntPtr lParam, Boolean& handled)
   at MS.Win32.HwndSubclass.DispatcherCallbackOperation(Object o)
   at System.Windows.Threading.ExceptionWrapper.InternalRealCall(Delegate callback, Object args, Int32 numArgs)
   at System.Windows.Threading.ExceptionWrapper.TryCatchWhen(Object source, Delegate callback, Object args, Int32 numArgs, Delegate catchHandler)

[2026-08-25 13:13:50.528] Unhandled UI dispatcher exception.
Exception: System.Management.Automation.RuntimeException
Message: You cannot call a method on a null-valued expression.
StackTrace:
   at System.Management.Automation.ExceptionHandlingOps.CheckActionPreference(FunctionContext funcContext, Exception exception)
   at System.Management.Automation.Interpreter.ActionCallInstruction`2.Run(InterpretedFrame frame)
   at System.Management.Automation.Interpreter.EnterTryCatchFinallyInstruction.Run(InterpretedFrame frame)
   at System.Management.Automation.Interpreter.EnterTryCatchFinallyInstruction.Run(InterpretedFrame frame)
   at System.Management.Automation.Interpreter.Interpreter.Run(InterpretedFrame frame)
   at System.Management.Automation.Interpreter.LightLambda.RunVoid1[T0](T0 arg0)
   at System.Management.Automation.ScriptBlock.InvokeWithPipeImpl(ScriptBlockClauseToInvoke clauseToInvoke, Boolean createLocalScope, Dictionary`2 functionsToDefine, List`1 variablesToDefine, ErrorHandlingBehavior errorHandlingBehavior, Object dollarUnder, Object input, Object scriptThis, Pipe outputPipe, InvocationInfo invocationInfo, Object[] args)
   at System.Management.Automation.ScriptBlock.<>c__DisplayClass57_0.<InvokeWithPipe>b__0()
   at System.Management.Automation.Runspaces.RunspaceBase.RunActionIfNoRunningPipelinesWithThreadCheck(Action action)
   at System.Management.Automation.ScriptBlock.InvokeWithPipe(Boolean useLocalScope, ErrorHandlingBehavior errorHandlingBehavior, Object dollarUnder, Object input, Object scriptThis, Pipe outputPipe, InvocationInfo invocationInfo, Boolean propagateAllExceptionsToTop, List`1 variablesToDefine, Dictionary`2 functionsToDefine, Object[] args)
   at System.Management.Automation.ScriptBlock.InvokeAsDelegateHelper(Object dollarUnder, Object dollarThis, Object[] args)
   at System.Windows.Window.OnClosed(EventArgs e)
   at System.Windows.Window.WmDestroy()
   at System.Windows.Window.WindowFilterMessage(IntPtr hwnd, Int32 msg, IntPtr wParam, IntPtr lParam, Boolean& handled)
   at System.Windows.Interop.HwndSource.PublicHooksFilterMessage(IntPtr hwnd, Int32 msg, IntPtr wParam, IntPtr lParam, Boolean& handled)
   at MS.Win32.HwndWrapper.WndProc(IntPtr hwnd, Int32 msg, IntPtr wParam, IntPtr lParam, Boolean& handled)
   at MS.Win32.HwndSubclass.DispatcherCallbackOperation(Object o)
   at System.Windows.Threading.ExceptionWrapper.InternalRealCall(Delegate callback, Object args, Int32 numArgs)
   at System.Windows.Threading.ExceptionWrapper.TryCatchWhen(Object source, Delegate callback, Object args, Int32 numArgs, Delegate catchHandler)

[2026-08-25 13:22:55.920] Unhandled UI dispatcher exception.
Exception: System.Management.Automation.RuntimeException
Message: You cannot call a method on a null-valued expression.
StackTrace:
   at System.Management.Automation.ExceptionHandlingOps.CheckActionPreference(FunctionContext funcContext, Exception exception)
   at System.Management.Automation.Interpreter.ActionCallInstruction`2.Run(InterpretedFrame frame)
   at System.Management.Automation.Interpreter.EnterTryCatchFinallyInstruction.Run(InterpretedFrame frame)
   at System.Management.Automation.Interpreter.EnterTryCatchFinallyInstruction.Run(InterpretedFrame frame)
   at System.Management.Automation.Interpreter.Interpreter.Run(InterpretedFrame frame)
   at System.Management.Automation.Interpreter.LightLambda.RunVoid1[T0](T0 arg0)
   at System.Management.Automation.ScriptBlock.InvokeWithPipeImpl(ScriptBlockClauseToInvoke clauseToInvoke, Boolean createLocalScope, Dictionary`2 functionsToDefine, List`1 variablesToDefine, ErrorHandlingBehavior errorHandlingBehavior, Object dollarUnder, Object input, Object scriptThis, Pipe outputPipe, InvocationInfo invocationInfo, Object[] args)
   at System.Management.Automation.ScriptBlock.<>c__DisplayClass57_0.<InvokeWithPipe>b__0()
   at System.Management.Automation.Runspaces.RunspaceBase.RunActionIfNoRunningPipelinesWithThreadCheck(Action action)
   at System.Management.Automation.ScriptBlock.InvokeWithPipe(Boolean useLocalScope, ErrorHandlingBehavior errorHandlingBehavior, Object dollarUnder, Object input, Object scriptThis, Pipe outputPipe, InvocationInfo invocationInfo, Boolean propagateAllExceptionsToTop, List`1 variablesToDefine, Dictionary`2 functionsToDefine, Object[] args)
   at System.Management.Automation.ScriptBlock.InvokeAsDelegateHelper(Object dollarUnder, Object dollarThis, Object[] args)
   at System.Windows.Window.OnClosed(EventArgs e)
   at System.Windows.Window.WmDestroy()
   at System.Windows.Window.WindowFilterMessage(IntPtr hwnd, Int32 msg, IntPtr wParam, IntPtr lParam, Boolean& handled)
   at System.Windows.Interop.HwndSource.PublicHooksFilterMessage(IntPtr hwnd, Int32 msg, IntPtr wParam, IntPtr lParam, Boolean& handled)
   at MS.Win32.HwndWrapper.WndProc(IntPtr hwnd, Int32 msg, IntPtr wParam, IntPtr lParam, Boolean& handled)
   at MS.Win32.HwndSubclass.DispatcherCallbackOperation(Object o)
   at System.Windows.Threading.ExceptionWrapper.InternalRealCall(Delegate callback, Object args, Int32 numArgs)
   at System.Windows.Threading.ExceptionWrapper.TryCatchWhen(Object source, Delegate callback, Object args, Int32 numArgs, Delegate catchHandler)

[2026-08-25 13:23:01.423] Unhandled UI dispatcher exception.
Exception: System.Management.Automation.RuntimeException
Message: You cannot call a method on a null-valued expression.
StackTrace:
   at System.Management.Automation.ExceptionHandlingOps.CheckActionPreference(FunctionContext funcContext, Exception exception)
   at System.Management.Automation.Interpreter.ActionCallInstruction`2.Run(InterpretedFrame frame)
   at System.Management.Automation.Interpreter.EnterTryCatchFinallyInstruction.Run(InterpretedFrame frame)
   at System.Management.Automation.Interpreter.EnterTryCatchFinallyInstruction.Run(InterpretedFrame frame)
   at System.Management.Automation.Interpreter.Interpreter.Run(InterpretedFrame frame)
   at System.Management.Automation.Interpreter.LightLambda.RunVoid1[T0](T0 arg0)
   at System.Management.Automation.ScriptBlock.InvokeWithPipeImpl(ScriptBlockClauseToInvoke clauseToInvoke, Boolean createLocalScope, Dictionary`2 functionsToDefine, List`1 variablesToDefine, ErrorHandlingBehavior errorHandlingBehavior, Object dollarUnder, Object input, Object scriptThis, Pipe outputPipe, InvocationInfo invocationInfo, Object[] args)
   at System.Management.Automation.ScriptBlock.<>c__DisplayClass57_0.<InvokeWithPipe>b__0()
   at System.Management.Automation.Runspaces.RunspaceBase.RunActionIfNoRunningPipelinesWithThreadCheck(Action action)
   at System.Management.Automation.ScriptBlock.InvokeWithPipe(Boolean useLocalScope, ErrorHandlingBehavior errorHandlingBehavior, Object dollarUnder, Object input, Object scriptThis, Pipe outputPipe, InvocationInfo invocationInfo, Boolean propagateAllExceptionsToTop, List`1 variablesToDefine, Dictionary`2 functionsToDefine, Object[] args)
   at System.Management.Automation.ScriptBlock.InvokeAsDelegateHelper(Object dollarUnder, Object dollarThis, Object[] args)
   at System.Windows.Window.OnClosed(EventArgs e)
   at System.Windows.Window.WmDestroy()
   at System.Windows.Window.WindowFilterMessage(IntPtr hwnd, Int32 msg, IntPtr wParam, IntPtr lParam, Boolean& handled)
   at System.Windows.Interop.HwndSource.PublicHooksFilterMessage(IntPtr hwnd, Int32 msg, IntPtr wParam, IntPtr lParam, Boolean& handled)
   at MS.Win32.HwndWrapper.WndProc(IntPtr hwnd, Int32 msg, IntPtr wParam, IntPtr lParam, Boolean& handled)
   at MS.Win32.HwndSubclass.DispatcherCallbackOperation(Object o)
   at System.Windows.Threading.ExceptionWrapper.InternalRealCall(Delegate callback, Object args, Int32 numArgs)
   at System.Windows.Threading.ExceptionWrapper.TryCatchWhen(Object source, Delegate callback, Object args, Int32 numArgs, Delegate catchHandler)

[2026-08-25 13:23:03.459] Unhandled UI dispatcher exception.
Exception: System.Management.Automation.RuntimeException
Message: You cannot call a method on a null-valued expression.
StackTrace:
   at System.Management.Automation.ExceptionHandlingOps.CheckActionPreference(FunctionContext funcContext, Exception exception)
   at System.Management.Automation.Interpreter.ActionCallInstruction`2.Run(InterpretedFrame frame)
   at System.Management.Automation.Interpreter.EnterTryCatchFinallyInstruction.Run(InterpretedFrame frame)
   at System.Management.Automation.Interpreter.EnterTryCatchFinallyInstruction.Run(InterpretedFrame frame)
   at System.Management.Automation.Interpreter.Interpreter.Run(InterpretedFrame frame)
   at System.Management.Automation.Interpreter.LightLambda.RunVoid1[T0](T0 arg0)
   at System.Management.Automation.ScriptBlock.InvokeWithPipeImpl(ScriptBlockClauseToInvoke clauseToInvoke, Boolean createLocalScope, Dictionary`2 functionsToDefine, List`1 variablesToDefine, ErrorHandlingBehavior errorHandlingBehavior, Object dollarUnder, Object input, Object scriptThis, Pipe outputPipe, InvocationInfo invocationInfo, Object[] args)
   at System.Management.Automation.ScriptBlock.<>c__DisplayClass57_0.<InvokeWithPipe>b__0()
   at System.Management.Automation.Runspaces.RunspaceBase.RunActionIfNoRunningPipelinesWithThreadCheck(Action action)
   at System.Management.Automation.ScriptBlock.InvokeWithPipe(Boolean useLocalScope, ErrorHandlingBehavior errorHandlingBehavior, Object dollarUnder, Object input, Object scriptThis, Pipe outputPipe, InvocationInfo invocationInfo, Boolean propagateAllExceptionsToTop, List`1 variablesToDefine, Dictionary`2 functionsToDefine, Object[] args)
   at System.Management.Automation.ScriptBlock.InvokeAsDelegateHelper(Object dollarUnder, Object dollarThis, Object[] args)
   at System.Windows.Window.OnClosed(EventArgs e)
   at System.Windows.Window.WmDestroy()
   at System.Windows.Window.WindowFilterMessage(IntPtr hwnd, Int32 msg, IntPtr wParam, IntPtr lParam, Boolean& handled)
   at System.Windows.Interop.HwndSource.PublicHooksFilterMessage(IntPtr hwnd, Int32 msg, IntPtr wParam, IntPtr lParam, Boolean& handled)
   at MS.Win32.HwndWrapper.WndProc(IntPtr hwnd, Int32 msg, IntPtr wParam, IntPtr lParam, Boolean& handled)
   at MS.Win32.HwndSubclass.DispatcherCallbackOperation(Object o)
   at System.Windows.Threading.ExceptionWrapper.InternalRealCall(Delegate callback, Object args, Int32 numArgs)
   at System.Windows.Threading.ExceptionWrapper.TryCatchWhen(Object source, Delegate callback, Object args, Int32 numArgs, Delegate catchHandler)

[2026-08-25 13:36:59.462] Unhandled UI dispatcher exception.
Exception: System.Management.Automation.RuntimeException
Message: You cannot call a method on a null-valued expression.
StackTrace:
   at System.Management.Automation.ExceptionHandlingOps.CheckActionPreference(FunctionContext funcContext, Exception exception)
   at System.Management.Automation.Interpreter.ActionCallInstruction`2.Run(InterpretedFrame frame)
   at System.Management.Automation.Interpreter.EnterTryCatchFinallyInstruction.Run(InterpretedFrame frame)
   at System.Management.Automation.Interpreter.EnterTryCatchFinallyInstruction.Run(InterpretedFrame frame)
   at System.Management.Automation.Interpreter.Interpreter.Run(InterpretedFrame frame)
   at System.Management.Automation.Interpreter.LightLambda.RunVoid1[T0](T0 arg0)
   at System.Management.Automation.ScriptBlock.InvokeWithPipeImpl(ScriptBlockClauseToInvoke clauseToInvoke, Boolean createLocalScope, Dictionary`2 functionsToDefine, List`1 variablesToDefine, ErrorHandlingBehavior errorHandlingBehavior, Object dollarUnder, Object input, Object scriptThis, Pipe outputPipe, InvocationInfo invocationInfo, Object[] args)
   at System.Management.Automation.ScriptBlock.<>c__DisplayClass57_0.<InvokeWithPipe>b__0()
   at System.Management.Automation.Runspaces.RunspaceBase.RunActionIfNoRunningPipelinesWithThreadCheck(Action action)
   at System.Management.Automation.ScriptBlock.InvokeWithPipe(Boolean useLocalScope, ErrorHandlingBehavior errorHandlingBehavior, Object dollarUnder, Object input, Object scriptThis, Pipe outputPipe, InvocationInfo invocationInfo, Boolean propagateAllExceptionsToTop, List`1 variablesToDefine, Dictionary`2 functionsToDefine, Object[] args)
   at System.Management.Automation.ScriptBlock.InvokeAsDelegateHelper(Object dollarUnder, Object dollarThis, Object[] args)
   at System.Windows.Window.OnClosed(EventArgs e)
   at System.Windows.Window.WmDestroy()
   at System.Windows.Window.WindowFilterMessage(IntPtr hwnd, Int32 msg, IntPtr wParam, IntPtr lParam, Boolean& handled)
   at System.Windows.Interop.HwndSource.PublicHooksFilterMessage(IntPtr hwnd, Int32 msg, IntPtr wParam, IntPtr lParam, Boolean& handled)
   at MS.Win32.HwndWrapper.WndProc(IntPtr hwnd, Int32 msg, IntPtr wParam, IntPtr lParam, Boolean& handled)
   at MS.Win32.HwndSubclass.DispatcherCallbackOperation(Object o)
   at System.Windows.Threading.ExceptionWrapper.InternalRealCall(Delegate callback, Object args, Int32 numArgs)
   at System.Windows.Threading.ExceptionWrapper.TryCatchWhen(Object source, Delegate callback, Object args, Int32 numArgs, Delegate catchHandler)

[2026-08-25 13:37:00.852] Unhandled UI dispatcher exception.
Exception: System.Management.Automation.RuntimeException
Message: You cannot call a method on a null-valued expression.
StackTrace:
   at System.Management.Automation.ExceptionHandlingOps.CheckActionPreference(FunctionContext funcContext, Exception exception)
   at System.Management.Automation.Interpreter.ActionCallInstruction`2.Run(InterpretedFrame frame)
   at System.Management.Automation.Interpreter.EnterTryCatchFinallyInstruction.Run(InterpretedFrame frame)
   at System.Management.Automation.Interpreter.EnterTryCatchFinallyInstruction.Run(InterpretedFrame frame)
   at System.Management.Automation.Interpreter.Interpreter.Run(InterpretedFrame frame)
   at System.Management.Automation.Interpreter.LightLambda.RunVoid1[T0](T0 arg0)
   at System.Management.Automation.ScriptBlock.InvokeWithPipeImpl(ScriptBlockClauseToInvoke clauseToInvoke, Boolean createLocalScope, Dictionary`2 functionsToDefine, List`1 variablesToDefine, ErrorHandlingBehavior errorHandlingBehavior, Object dollarUnder, Object input, Object scriptThis, Pipe outputPipe, InvocationInfo invocationInfo, Object[] args)
   at System.Management.Automation.ScriptBlock.<>c__DisplayClass57_0.<InvokeWithPipe>b__0()
   at System.Management.Automation.Runspaces.RunspaceBase.RunActionIfNoRunningPipelinesWithThreadCheck(Action action)
   at System.Management.Automation.ScriptBlock.InvokeWithPipe(Boolean useLocalScope, ErrorHandlingBehavior errorHandlingBehavior, Object dollarUnder, Object input, Object scriptThis, Pipe outputPipe, InvocationInfo invocationInfo, Boolean propagateAllExceptionsToTop, List`1 variablesToDefine, Dictionary`2 functionsToDefine, Object[] args)
   at System.Management.Automation.ScriptBlock.InvokeAsDelegateHelper(Object dollarUnder, Object dollarThis, Object[] args)
   at System.Windows.Window.OnClosed(EventArgs e)
   at System.Windows.Window.WmDestroy()
   at System.Windows.Window.WindowFilterMessage(IntPtr hwnd, Int32 msg, IntPtr wParam, IntPtr lParam, Boolean& handled)
   at System.Windows.Interop.HwndSource.PublicHooksFilterMessage(IntPtr hwnd, Int32 msg, IntPtr wParam, IntPtr lParam, Boolean& handled)
   at MS.Win32.HwndWrapper.WndProc(IntPtr hwnd, Int32 msg, IntPtr wParam, IntPtr lParam, Boolean& handled)
   at MS.Win32.HwndSubclass.DispatcherCallbackOperation(Object o)
   at System.Windows.Threading.ExceptionWrapper.InternalRealCall(Delegate callback, Object args, Int32 numArgs)
   at System.Windows.Threading.ExceptionWrapper.TryCatchWhen(Object source, Delegate callback, Object args, Int32 numArgs, Delegate catchHandler)

[2026-08-25 13:37:02.084] Unhandled UI dispatcher exception.
Exception: System.Management.Automation.RuntimeException
Message: You cannot call a method on a null-valued expression.
StackTrace:
   at System.Management.Automation.ExceptionHandlingOps.CheckActionPreference(FunctionContext funcContext, Exception exception)
   at System.Management.Automation.Interpreter.ActionCallInstruction`2.Run(InterpretedFrame frame)
   at System.Management.Automation.Interpreter.EnterTryCatchFinallyInstruction.Run(InterpretedFrame frame)
   at System.Management.Automation.Interpreter.EnterTryCatchFinallyInstruction.Run(InterpretedFrame frame)
   at System.Management.Automation.Interpreter.Interpreter.Run(InterpretedFrame frame)
   at System.Management.Automation.Interpreter.LightLambda.RunVoid1[T0](T0 arg0)
   at System.Management.Automation.ScriptBlock.InvokeWithPipeImpl(ScriptBlockClauseToInvoke clauseToInvoke, Boolean createLocalScope, Dictionary`2 functionsToDefine, List`1 variablesToDefine, ErrorHandlingBehavior errorHandlingBehavior, Object dollarUnder, Object input, Object scriptThis, Pipe outputPipe, InvocationInfo invocationInfo, Object[] args)
   at System.Management.Automation.ScriptBlock.<>c__DisplayClass57_0.<InvokeWithPipe>b__0()
   at System.Management.Automation.Runspaces.RunspaceBase.RunActionIfNoRunningPipelinesWithThreadCheck(Action action)
   at System.Management.Automation.ScriptBlock.InvokeWithPipe(Boolean useLocalScope, ErrorHandlingBehavior errorHandlingBehavior, Object dollarUnder, Object input, Object scriptThis, Pipe outputPipe, InvocationInfo invocationInfo, Boolean propagateAllExceptionsToTop, List`1 variablesToDefine, Dictionary`2 functionsToDefine, Object[] args)
   at System.Management.Automation.ScriptBlock.InvokeAsDelegateHelper(Object dollarUnder, Object dollarThis, Object[] args)
   at System.Windows.Window.OnClosed(EventArgs e)
   at System.Windows.Window.WmDestroy()
   at System.Windows.Window.WindowFilterMessage(IntPtr hwnd, Int32 msg, IntPtr wParam, IntPtr lParam, Boolean& handled)
   at System.Windows.Interop.HwndSource.PublicHooksFilterMessage(IntPtr hwnd, Int32 msg, IntPtr wParam, IntPtr lParam, Boolean& handled)
   at MS.Win32.HwndWrapper.WndProc(IntPtr hwnd, Int32 msg, IntPtr wParam, IntPtr lParam, Boolean& handled)
   at MS.Win32.HwndSubclass.DispatcherCallbackOperation(Object o)
   at System.Windows.Threading.ExceptionWrapper.InternalRealCall(Delegate callback, Object args, Int32 numArgs)
   at System.Windows.Threading.ExceptionWrapper.TryCatchWhen(Object source, Delegate callback, Object args, Int32 numArgs, Delegate catchHandler)

[2026-08-25 13:37:04.139] Unhandled UI dispatcher exception.
Exception: System.Management.Automation.RuntimeException
Message: You cannot call a method on a null-valued expression.
StackTrace:
   at System.Management.Automation.ExceptionHandlingOps.CheckActionPreference(FunctionContext funcContext, Exception exception)
   at System.Management.Automation.Interpreter.ActionCallInstruction`2.Run(InterpretedFrame frame)
   at System.Management.Automation.Interpreter.EnterTryCatchFinallyInstruction.Run(InterpretedFrame frame)
   at System.Management.Automation.Interpreter.EnterTryCatchFinallyInstruction.Run(InterpretedFrame frame)
   at System.Management.Automation.Interpreter.Interpreter.Run(InterpretedFrame frame)
   at System.Management.Automation.Interpreter.LightLambda.RunVoid1[T0](T0 arg0)
   at System.Management.Automation.ScriptBlock.InvokeWithPipeImpl(ScriptBlockClauseToInvoke clauseToInvoke, Boolean createLocalScope, Dictionary`2 functionsToDefine, List`1 variablesToDefine, ErrorHandlingBehavior errorHandlingBehavior, Object dollarUnder, Object input, Object scriptThis, Pipe outputPipe, InvocationInfo invocationInfo, Object[] args)
   at System.Management.Automation.ScriptBlock.<>c__DisplayClass57_0.<InvokeWithPipe>b__0()
   at System.Management.Automation.Runspaces.RunspaceBase.RunActionIfNoRunningPipelinesWithThreadCheck(Action action)
   at System.Management.Automation.ScriptBlock.InvokeWithPipe(Boolean useLocalScope, ErrorHandlingBehavior errorHandlingBehavior, Object dollarUnder, Object input, Object scriptThis, Pipe outputPipe, InvocationInfo invocationInfo, Boolean propagateAllExceptionsToTop, List`1 variablesToDefine, Dictionary`2 functionsToDefine, Object[] args)
   at System.Management.Automation.ScriptBlock.InvokeAsDelegateHelper(Object dollarUnder, Object dollarThis, Object[] args)
   at System.Windows.Window.OnClosed(EventArgs e)
   at System.Windows.Window.WmDestroy()
   at System.Windows.Window.WindowFilterMessage(IntPtr hwnd, Int32 msg, IntPtr wParam, IntPtr lParam, Boolean& handled)
   at System.Windows.Interop.HwndSource.PublicHooksFilterMessage(IntPtr hwnd, Int32 msg, IntPtr wParam, IntPtr lParam, Boolean& handled)
   at MS.Win32.HwndWrapper.WndProc(IntPtr hwnd, Int32 msg, IntPtr wParam, IntPtr lParam, Boolean& handled)
   at MS.Win32.HwndSubclass.DispatcherCallbackOperation(Object o)
   at System.Windows.Threading.ExceptionWrapper.InternalRealCall(Delegate callback, Object args, Int32 numArgs)
   at System.Windows.Threading.ExceptionWrapper.TryCatchWhen(Object source, Delegate callback, Object args, Int32 numArgs, Delegate catchHandler)

[2026-08-25 13:46:16.122] Unhandled UI dispatcher exception.
Exception: System.Management.Automation.RuntimeException
Message: You cannot call a method on a null-valued expression.
StackTrace:
   at System.Management.Automation.ExceptionHandlingOps.CheckActionPreference(FunctionContext funcContext, Exception exception)
   at System.Management.Automation.Interpreter.ActionCallInstruction`2.Run(InterpretedFrame frame)
   at System.Management.Automation.Interpreter.EnterTryCatchFinallyInstruction.Run(InterpretedFrame frame)
   at System.Management.Automation.Interpreter.EnterTryCatchFinallyInstruction.Run(InterpretedFrame frame)
   at System.Management.Automation.Interpreter.Interpreter.Run(InterpretedFrame frame)
   at System.Management.Automation.Interpreter.LightLambda.RunVoid1[T0](T0 arg0)
   at System.Management.Automation.ScriptBlock.InvokeWithPipeImpl(ScriptBlockClauseToInvoke clauseToInvoke, Boolean createLocalScope, Dictionary`2 functionsToDefine, List`1 variablesToDefine, ErrorHandlingBehavior errorHandlingBehavior, Object dollarUnder, Object input, Object scriptThis, Pipe outputPipe, InvocationInfo invocationInfo, Object[] args)
   at System.Management.Automation.ScriptBlock.<>c__DisplayClass57_0.<InvokeWithPipe>b__0()
   at System.Management.Automation.Runspaces.RunspaceBase.RunActionIfNoRunningPipelinesWithThreadCheck(Action action)
   at System.Management.Automation.ScriptBlock.InvokeWithPipe(Boolean useLocalScope, ErrorHandlingBehavior errorHandlingBehavior, Object dollarUnder, Object input, Object scriptThis, Pipe outputPipe, InvocationInfo invocationInfo, Boolean propagateAllExceptionsToTop, List`1 variablesToDefine, Dictionary`2 functionsToDefine, Object[] args)
   at System.Management.Automation.ScriptBlock.InvokeAsDelegateHelper(Object dollarUnder, Object dollarThis, Object[] args)
   at System.Windows.Window.OnClosed(EventArgs e)
   at System.Windows.Window.WmDestroy()
   at System.Windows.Window.WindowFilterMessage(IntPtr hwnd, Int32 msg, IntPtr wParam, IntPtr lParam, Boolean& handled)
   at System.Windows.Interop.HwndSource.PublicHooksFilterMessage(IntPtr hwnd, Int32 msg, IntPtr wParam, IntPtr lParam, Boolean& handled)
   at MS.Win32.HwndWrapper.WndProc(IntPtr hwnd, Int32 msg, IntPtr wParam, IntPtr lParam, Boolean& handled)
   at MS.Win32.HwndSubclass.DispatcherCallbackOperation(Object o)
   at System.Windows.Threading.ExceptionWrapper.InternalRealCall(Delegate callback, Object args, Int32 numArgs)
   at System.Windows.Threading.ExceptionWrapper.TryCatchWhen(Object source, Delegate callback, Object args, Int32 numArgs, Delegate catchHandler)

[2026-08-25 13:46:17.278] Unhandled UI dispatcher exception.
Exception: System.Management.Automation.RuntimeException
Message: You cannot call a method on a null-valued expression.
StackTrace:
   at System.Management.Automation.ExceptionHandlingOps.CheckActionPreference(FunctionContext funcContext, Exception exception)
   at System.Management.Automation.Interpreter.ActionCallInstruction`2.Run(InterpretedFrame frame)
   at System.Management.Automation.Interpreter.EnterTryCatchFinallyInstruction.Run(InterpretedFrame frame)
   at System.Management.Automation.Interpreter.EnterTryCatchFinallyInstruction.Run(InterpretedFrame frame)
   at System.Management.Automation.Interpreter.Interpreter.Run(InterpretedFrame frame)
   at System.Management.Automation.Interpreter.LightLambda.RunVoid1[T0](T0 arg0)
   at System.Management.Automation.ScriptBlock.InvokeWithPipeImpl(ScriptBlockClauseToInvoke clauseToInvoke, Boolean createLocalScope, Dictionary`2 functionsToDefine, List`1 variablesToDefine, ErrorHandlingBehavior errorHandlingBehavior, Object dollarUnder, Object input, Object scriptThis, Pipe outputPipe, InvocationInfo invocationInfo, Object[] args)
   at System.Management.Automation.ScriptBlock.<>c__DisplayClass57_0.<InvokeWithPipe>b__0()
   at System.Management.Automation.Runspaces.RunspaceBase.RunActionIfNoRunningPipelinesWithThreadCheck(Action action)
   at System.Management.Automation.ScriptBlock.InvokeWithPipe(Boolean useLocalScope, ErrorHandlingBehavior errorHandlingBehavior, Object dollarUnder, Object input, Object scriptThis, Pipe outputPipe, InvocationInfo invocationInfo, Boolean propagateAllExceptionsToTop, List`1 variablesToDefine, Dictionary`2 functionsToDefine, Object[] args)
   at System.Management.Automation.ScriptBlock.InvokeAsDelegateHelper(Object dollarUnder, Object dollarThis, Object[] args)
   at System.Windows.Window.OnClosed(EventArgs e)
   at System.Windows.Window.WmDestroy()
   at System.Windows.Window.WindowFilterMessage(IntPtr hwnd, Int32 msg, IntPtr wParam, IntPtr lParam, Boolean& handled)
   at System.Windows.Interop.HwndSource.PublicHooksFilterMessage(IntPtr hwnd, Int32 msg, IntPtr wParam, IntPtr lParam, Boolean& handled)
   at MS.Win32.HwndWrapper.WndProc(IntPtr hwnd, Int32 msg, IntPtr wParam, IntPtr lParam, Boolean& handled)
   at MS.Win32.HwndSubclass.DispatcherCallbackOperation(Object o)
   at System.Windows.Threading.ExceptionWrapper.InternalRealCall(Delegate callback, Object args, Int32 numArgs)
   at System.Windows.Threading.ExceptionWrapper.TryCatchWhen(Object source, Delegate callback, Object args, Int32 numArgs, Delegate catchHandler)

[2026-08-25 13:46:17.879] Unhandled UI dispatcher exception.
Exception: System.Management.Automation.RuntimeException
Message: You cannot call a method on a null-valued expression.
StackTrace:
   at System.Management.Automation.ExceptionHandlingOps.CheckActionPreference(FunctionContext funcContext, Exception exception)
   at System.Management.Automation.Interpreter.ActionCallInstruction`2.Run(InterpretedFrame frame)
   at System.Management.Automation.Interpreter.EnterTryCatchFinallyInstruction.Run(InterpretedFrame frame)
   at System.Management.Automation.Interpreter.EnterTryCatchFinallyInstruction.Run(InterpretedFrame frame)
   at System.Management.Automation.Interpreter.Interpreter.Run(InterpretedFrame frame)
   at System.Management.Automation.Interpreter.LightLambda.RunVoid1[T0](T0 arg0)
   at System.Management.Automation.ScriptBlock.InvokeWithPipeImpl(ScriptBlockClauseToInvoke clauseToInvoke, Boolean createLocalScope, Dictionary`2 functionsToDefine, List`1 variablesToDefine, ErrorHandlingBehavior errorHandlingBehavior, Object dollarUnder, Object input, Object scriptThis, Pipe outputPipe, InvocationInfo invocationInfo, Object[] args)
   at System.Management.Automation.ScriptBlock.<>c__DisplayClass57_0.<InvokeWithPipe>b__0()
   at System.Management.Automation.Runspaces.RunspaceBase.RunActionIfNoRunningPipelinesWithThreadCheck(Action action)
   at System.Management.Automation.ScriptBlock.InvokeWithPipe(Boolean useLocalScope, ErrorHandlingBehavior errorHandlingBehavior, Object dollarUnder, Object input, Object scriptThis, Pipe outputPipe, InvocationInfo invocationInfo, Boolean propagateAllExceptionsToTop, List`1 variablesToDefine, Dictionary`2 functionsToDefine, Object[] args)
   at System.Management.Automation.ScriptBlock.InvokeAsDelegateHelper(Object dollarUnder, Object dollarThis, Object[] args)
   at System.Windows.Window.OnClosed(EventArgs e)
   at System.Windows.Window.WmDestroy()
   at System.Windows.Window.WindowFilterMessage(IntPtr hwnd, Int32 msg, IntPtr wParam, IntPtr lParam, Boolean& handled)
   at System.Windows.Interop.HwndSource.PublicHooksFilterMessage(IntPtr hwnd, Int32 msg, IntPtr wParam, IntPtr lParam, Boolean& handled)
   at MS.Win32.HwndWrapper.WndProc(IntPtr hwnd, Int32 msg, IntPtr wParam, IntPtr lParam, Boolean& handled)
   at MS.Win32.HwndSubclass.DispatcherCallbackOperation(Object o)
   at System.Windows.Threading.ExceptionWrapper.InternalRealCall(Delegate callback, Object args, Int32 numArgs)
   at System.Windows.Threading.ExceptionWrapper.TryCatchWhen(Object source, Delegate callback, Object args, Int32 numArgs, Delegate catchHandler)

[2026-08-25 13:46:18.727] Unhandled UI dispatcher exception.
Exception: System.Management.Automation.RuntimeException
Message: You cannot call a method on a null-valued expression.
StackTrace:
   at System.Management.Automation.ExceptionHandlingOps.CheckActionPreference(FunctionContext funcContext, Exception exception)
   at System.Management.Automation.Interpreter.ActionCallInstruction`2.Run(InterpretedFrame frame)
   at System.Management.Automation.Interpreter.EnterTryCatchFinallyInstruction.Run(InterpretedFrame frame)
   at System.Management.Automation.Interpreter.EnterTryCatchFinallyInstruction.Run(InterpretedFrame frame)
   at System.Management.Automation.Interpreter.Interpreter.Run(InterpretedFrame frame)
   at System.Management.Automation.Interpreter.LightLambda.RunVoid1[T0](T0 arg0)
   at System.Management.Automation.ScriptBlock.InvokeWithPipeImpl(ScriptBlockClauseToInvoke clauseToInvoke, Boolean createLocalScope, Dictionary`2 functionsToDefine, List`1 variablesToDefine, ErrorHandlingBehavior errorHandlingBehavior, Object dollarUnder, Object input, Object scriptThis, Pipe outputPipe, InvocationInfo invocationInfo, Object[] args)
   at System.Management.Automation.ScriptBlock.<>c__DisplayClass57_0.<InvokeWithPipe>b__0()
   at System.Management.Automation.Runspaces.RunspaceBase.RunActionIfNoRunningPipelinesWithThreadCheck(Action action)
   at System.Management.Automation.ScriptBlock.InvokeWithPipe(Boolean useLocalScope, ErrorHandlingBehavior errorHandlingBehavior, Object dollarUnder, Object input, Object scriptThis, Pipe outputPipe, InvocationInfo invocationInfo, Boolean propagateAllExceptionsToTop, List`1 variablesToDefine, Dictionary`2 functionsToDefine, Object[] args)
   at System.Management.Automation.ScriptBlock.InvokeAsDelegateHelper(Object dollarUnder, Object dollarThis, Object[] args)
   at System.Windows.Window.OnClosed(EventArgs e)
   at System.Windows.Window.WmDestroy()
   at System.Windows.Window.WindowFilterMessage(IntPtr hwnd, Int32 msg, IntPtr wParam, IntPtr lParam, Boolean& handled)
   at System.Windows.Interop.HwndSource.PublicHooksFilterMessage(IntPtr hwnd, Int32 msg, IntPtr wParam, IntPtr lParam, Boolean& handled)
   at MS.Win32.HwndWrapper.WndProc(IntPtr hwnd, Int32 msg, IntPtr wParam, IntPtr lParam, Boolean& handled)
   at MS.Win32.HwndSubclass.DispatcherCallbackOperation(Object o)
   at System.Windows.Threading.ExceptionWrapper.InternalRealCall(Delegate callback, Object args, Int32 numArgs)
   at System.Windows.Threading.ExceptionWrapper.TryCatchWhen(Object source, Delegate callback, Object args, Int32 numArgs, Delegate catchHandler)

[2026-08-25 13:46:21.793] Unhandled UI dispatcher exception.
Exception: System.Management.Automation.RuntimeException
Message: You cannot call a method on a null-valued expression.
StackTrace:
   at System.Management.Automation.ExceptionHandlingOps.CheckActionPreference(FunctionContext funcContext, Exception exception)
   at System.Management.Automation.Interpreter.ActionCallInstruction`2.Run(InterpretedFrame frame)
   at System.Management.Automation.Interpreter.EnterTryCatchFinallyInstruction.Run(InterpretedFrame frame)
   at System.Management.Automation.Interpreter.EnterTryCatchFinallyInstruction.Run(InterpretedFrame frame)
   at System.Management.Automation.Interpreter.Interpreter.Run(InterpretedFrame frame)
   at System.Management.Automation.Interpreter.LightLambda.RunVoid1[T0](T0 arg0)
   at System.Management.Automation.ScriptBlock.InvokeWithPipeImpl(ScriptBlockClauseToInvoke clauseToInvoke, Boolean createLocalScope, Dictionary`2 functionsToDefine, List`1 variablesToDefine, ErrorHandlingBehavior errorHandlingBehavior, Object dollarUnder, Object input, Object scriptThis, Pipe outputPipe, InvocationInfo invocationInfo, Object[] args)
   at System.Management.Automation.ScriptBlock.<>c__DisplayClass57_0.<InvokeWithPipe>b__0()
   at System.Management.Automation.Runspaces.RunspaceBase.RunActionIfNoRunningPipelinesWithThreadCheck(Action action)
   at System.Management.Automation.ScriptBlock.InvokeWithPipe(Boolean useLocalScope, ErrorHandlingBehavior errorHandlingBehavior, Object dollarUnder, Object input, Object scriptThis, Pipe outputPipe, InvocationInfo invocationInfo, Boolean propagateAllExceptionsToTop, List`1 variablesToDefine, Dictionary`2 functionsToDefine, Object[] args)
   at System.Management.Automation.ScriptBlock.InvokeAsDelegateHelper(Object dollarUnder, Object dollarThis, Object[] args)
   at System.Windows.Window.OnClosed(EventArgs e)
   at System.Windows.Window.WmDestroy()
   at System.Windows.Window.WindowFilterMessage(IntPtr hwnd, Int32 msg, IntPtr wParam, IntPtr lParam, Boolean& handled)
   at System.Windows.Interop.HwndSource.PublicHooksFilterMessage(IntPtr hwnd, Int32 msg, IntPtr wParam, IntPtr lParam, Boolean& handled)
   at MS.Win32.HwndWrapper.WndProc(IntPtr hwnd, Int32 msg, IntPtr wParam, IntPtr lParam, Boolean& handled)
   at MS.Win32.HwndSubclass.DispatcherCallbackOperation(Object o)
   at System.Windows.Threading.ExceptionWrapper.InternalRealCall(Delegate callback, Object args, Int32 numArgs)
   at System.Windows.Threading.ExceptionWrapper.TryCatchWhen(Object source, Delegate callback, Object args, Int32 numArgs, Delegate catchHandler)

[2026-08-25 13:47:12.178] Unhandled UI dispatcher exception.
Exception: System.Management.Automation.RuntimeException
Message: You cannot call a method on a null-valued expression.
StackTrace:
   at System.Management.Automation.ExceptionHandlingOps.CheckActionPreference(FunctionContext funcContext, Exception exception)
   at System.Management.Automation.Interpreter.ActionCallInstruction`2.Run(InterpretedFrame frame)
   at System.Management.Automation.Interpreter.EnterTryCatchFinallyInstruction.Run(InterpretedFrame frame)
   at System.Management.Automation.Interpreter.EnterTryCatchFinallyInstruction.Run(InterpretedFrame frame)
   at System.Management.Automation.Interpreter.Interpreter.Run(InterpretedFrame frame)
   at System.Management.Automation.Interpreter.LightLambda.RunVoid1[T0](T0 arg0)
   at System.Management.Automation.ScriptBlock.InvokeWithPipeImpl(ScriptBlockClauseToInvoke clauseToInvoke, Boolean createLocalScope, Dictionary`2 functionsToDefine, List`1 variablesToDefine, ErrorHandlingBehavior errorHandlingBehavior, Object dollarUnder, Object input, Object scriptThis, Pipe outputPipe, InvocationInfo invocationInfo, Object[] args)
   at System.Management.Automation.ScriptBlock.<>c__DisplayClass57_0.<InvokeWithPipe>b__0()
   at System.Management.Automation.Runspaces.RunspaceBase.RunActionIfNoRunningPipelinesWithThreadCheck(Action action)
   at System.Management.Automation.ScriptBlock.InvokeWithPipe(Boolean useLocalScope, ErrorHandlingBehavior errorHandlingBehavior, Object dollarUnder, Object input, Object scriptThis, Pipe outputPipe, InvocationInfo invocationInfo, Boolean propagateAllExceptionsToTop, List`1 variablesToDefine, Dictionary`2 functionsToDefine, Object[] args)
   at System.Management.Automation.ScriptBlock.InvokeAsDelegateHelper(Object dollarUnder, Object dollarThis, Object[] args)
   at System.Windows.Window.OnClosed(EventArgs e)
   at System.Windows.Window.WmDestroy()
   at System.Windows.Window.WindowFilterMessage(IntPtr hwnd, Int32 msg, IntPtr wParam, IntPtr lParam, Boolean& handled)
   at System.Windows.Interop.HwndSource.PublicHooksFilterMessage(IntPtr hwnd, Int32 msg, IntPtr wParam, IntPtr lParam, Boolean& handled)
   at MS.Win32.HwndWrapper.WndProc(IntPtr hwnd, Int32 msg, IntPtr wParam, IntPtr lParam, Boolean& handled)
   at MS.Win32.HwndSubclass.DispatcherCallbackOperation(Object o)
   at System.Windows.Threading.ExceptionWrapper.InternalRealCall(Delegate callback, Object args, Int32 numArgs)
   at System.Windows.Threading.ExceptionWrapper.TryCatchWhen(Object source, Delegate callback, Object args, Int32 numArgs, Delegate catchHandler)

[2026-08-25 13:47:25.658] Unhandled UI dispatcher exception.
Exception: System.Management.Automation.RuntimeException
Message: You cannot call a method on a null-valued expression.
StackTrace:
   at System.Management.Automation.ExceptionHandlingOps.CheckActionPreference(FunctionContext funcContext, Exception exception)
   at System.Management.Automation.Interpreter.ActionCallInstruction`2.Run(InterpretedFrame frame)
   at System.Management.Automation.Interpreter.EnterTryCatchFinallyInstruction.Run(InterpretedFrame frame)
   at System.Management.Automation.Interpreter.EnterTryCatchFinallyInstruction.Run(InterpretedFrame frame)
   at System.Management.Automation.Interpreter.Interpreter.Run(InterpretedFrame frame)
   at System.Management.Automation.Interpreter.LightLambda.RunVoid1[T0](T0 arg0)
   at System.Management.Automation.ScriptBlock.InvokeWithPipeImpl(ScriptBlockClauseToInvoke clauseToInvoke, Boolean createLocalScope, Dictionary`2 functionsToDefine, List`1 variablesToDefine, ErrorHandlingBehavior errorHandlingBehavior, Object dollarUnder, Object input, Object scriptThis, Pipe outputPipe, InvocationInfo invocationInfo, Object[] args)
   at System.Management.Automation.ScriptBlock.<>c__DisplayClass57_0.<InvokeWithPipe>b__0()
   at System.Management.Automation.Runspaces.RunspaceBase.RunActionIfNoRunningPipelinesWithThreadCheck(Action action)
   at System.Management.Automation.ScriptBlock.InvokeWithPipe(Boolean useLocalScope, ErrorHandlingBehavior errorHandlingBehavior, Object dollarUnder, Object input, Object scriptThis, Pipe outputPipe, InvocationInfo invocationInfo, Boolean propagateAllExceptionsToTop, List`1 variablesToDefine, Dictionary`2 functionsToDefine, Object[] args)
   at System.Management.Automation.ScriptBlock.InvokeAsDelegateHelper(Object dollarUnder, Object dollarThis, Object[] args)
   at System.Windows.Window.OnClosed(EventArgs e)
   at System.Windows.Window.WmDestroy()
   at System.Windows.Window.WindowFilterMessage(IntPtr hwnd, Int32 msg, IntPtr wParam, IntPtr lParam, Boolean& handled)
   at System.Windows.Interop.HwndSource.PublicHooksFilterMessage(IntPtr hwnd, Int32 msg, IntPtr wParam, IntPtr lParam, Boolean& handled)
   at MS.Win32.HwndWrapper.WndProc(IntPtr hwnd, Int32 msg, IntPtr wParam, IntPtr lParam, Boolean& handled)
   at MS.Win32.HwndSubclass.DispatcherCallbackOperation(Object o)
   at System.Windows.Threading.ExceptionWrapper.InternalRealCall(Delegate callback, Object args, Int32 numArgs)
   at System.Windows.Threading.ExceptionWrapper.TryCatchWhen(Object source, Delegate callback, Object args, Int32 numArgs, Delegate catchHandler)

[2026-08-25 13:47:26.409] Unhandled UI dispatcher exception.
Exception: System.Management.Automation.RuntimeException
Message: You cannot call a method on a null-valued expression.
StackTrace:
   at System.Management.Automation.ExceptionHandlingOps.CheckActionPreference(FunctionContext funcContext, Exception exception)
   at System.Management.Automation.Interpreter.ActionCallInstruction`2.Run(InterpretedFrame frame)
   at System.Management.Automation.Interpreter.EnterTryCatchFinallyInstruction.Run(InterpretedFrame frame)
   at System.Management.Automation.Interpreter.EnterTryCatchFinallyInstruction.Run(InterpretedFrame frame)
   at System.Management.Automation.Interpreter.Interpreter.Run(InterpretedFrame frame)
   at System.Management.Automation.Interpreter.LightLambda.RunVoid1[T0](T0 arg0)
   at System.Management.Automation.ScriptBlock.InvokeWithPipeImpl(ScriptBlockClauseToInvoke clauseToInvoke, Boolean createLocalScope, Dictionary`2 functionsToDefine, List`1 variablesToDefine, ErrorHandlingBehavior errorHandlingBehavior, Object dollarUnder, Object input, Object scriptThis, Pipe outputPipe, InvocationInfo invocationInfo, Object[] args)
   at System.Management.Automation.ScriptBlock.<>c__DisplayClass57_0.<InvokeWithPipe>b__0()
   at System.Management.Automation.Runspaces.RunspaceBase.RunActionIfNoRunningPipelinesWithThreadCheck(Action action)
   at System.Management.Automation.ScriptBlock.InvokeWithPipe(Boolean useLocalScope, ErrorHandlingBehavior errorHandlingBehavior, Object dollarUnder, Object input, Object scriptThis, Pipe outputPipe, InvocationInfo invocationInfo, Boolean propagateAllExceptionsToTop, List`1 variablesToDefine, Dictionary`2 functionsToDefine, Object[] args)
   at System.Management.Automation.ScriptBlock.InvokeAsDelegateHelper(Object dollarUnder, Object dollarThis, Object[] args)
   at System.Windows.Window.OnClosed(EventArgs e)
   at System.Windows.Window.WmDestroy()
   at System.Windows.Window.WindowFilterMessage(IntPtr hwnd, Int32 msg, IntPtr wParam, IntPtr lParam, Boolean& handled)
   at System.Windows.Interop.HwndSource.PublicHooksFilterMessage(IntPtr hwnd, Int32 msg, IntPtr wParam, IntPtr lParam, Boolean& handled)
   at MS.Win32.HwndWrapper.WndProc(IntPtr hwnd, Int32 msg, IntPtr wParam, IntPtr lParam, Boolean& handled)
   at MS.Win32.HwndSubclass.DispatcherCallbackOperation(Object o)
   at System.Windows.Threading.ExceptionWrapper.InternalRealCall(Delegate callback, Object args, Int32 numArgs)
   at System.Windows.Threading.ExceptionWrapper.TryCatchWhen(Object source, Delegate callback, Object args, Int32 numArgs, Delegate catchHandler)

[2026-08-25 13:47:27.159] Unhandled UI dispatcher exception.
Exception: System.Management.Automation.RuntimeException
Message: You cannot call a method on a null-valued expression.
StackTrace:
   at System.Management.Automation.ExceptionHandlingOps.CheckActionPreference(FunctionContext funcContext, Exception exception)
   at System.Management.Automation.Interpreter.ActionCallInstruction`2.Run(InterpretedFrame frame)
   at System.Management.Automation.Interpreter.EnterTryCatchFinallyInstruction.Run(InterpretedFrame frame)
   at System.Management.Automation.Interpreter.EnterTryCatchFinallyInstruction.Run(InterpretedFrame frame)
   at System.Management.Automation.Interpreter.Interpreter.Run(InterpretedFrame frame)
   at System.Management.Automation.Interpreter.LightLambda.RunVoid1[T0](T0 arg0)
   at System.Management.Automation.ScriptBlock.InvokeWithPipeImpl(ScriptBlockClauseToInvoke clauseToInvoke, Boolean createLocalScope, Dictionary`2 functionsToDefine, List`1 variablesToDefine, ErrorHandlingBehavior errorHandlingBehavior, Object dollarUnder, Object input, Object scriptThis, Pipe outputPipe, InvocationInfo invocationInfo, Object[] args)
   at System.Management.Automation.ScriptBlock.<>c__DisplayClass57_0.<InvokeWithPipe>b__0()
   at System.Management.Automation.Runspaces.RunspaceBase.RunActionIfNoRunningPipelinesWithThreadCheck(Action action)
   at System.Management.Automation.ScriptBlock.InvokeWithPipe(Boolean useLocalScope, ErrorHandlingBehavior errorHandlingBehavior, Object dollarUnder, Object input, Object scriptThis, Pipe outputPipe, InvocationInfo invocationInfo, Boolean propagateAllExceptionsToTop, List`1 variablesToDefine, Dictionary`2 functionsToDefine, Object[] args)
   at System.Management.Automation.ScriptBlock.InvokeAsDelegateHelper(Object dollarUnder, Object dollarThis, Object[] args)
   at System.Windows.Window.OnClosed(EventArgs e)
   at System.Windows.Window.WmDestroy()
   at System.Windows.Window.WindowFilterMessage(IntPtr hwnd, Int32 msg, IntPtr wParam, IntPtr lParam, Boolean& handled)
   at System.Windows.Interop.HwndSource.PublicHooksFilterMessage(IntPtr hwnd, Int32 msg, IntPtr wParam, IntPtr lParam, Boolean& handled)
   at MS.Win32.HwndWrapper.WndProc(IntPtr hwnd, Int32 msg, IntPtr wParam, IntPtr lParam, Boolean& handled)
   at MS.Win32.HwndSubclass.DispatcherCallbackOperation(Object o)
   at System.Windows.Threading.ExceptionWrapper.InternalRealCall(Delegate callback, Object args, Int32 numArgs)
   at System.Windows.Threading.ExceptionWrapper.TryCatchWhen(Object source, Delegate callback, Object args, Int32 numArgs, Delegate catchHandler)

[2026-08-25 13:47:27.803] Unhandled UI dispatcher exception.
Exception: System.Management.Automation.RuntimeException
Message: You cannot call a method on a null-valued expression.
StackTrace:
   at System.Management.Automation.ExceptionHandlingOps.CheckActionPreference(FunctionContext funcContext, Exception exception)
   at System.Management.Automation.Interpreter.ActionCallInstruction`2.Run(InterpretedFrame frame)
   at System.Management.Automation.Interpreter.EnterTryCatchFinallyInstruction.Run(InterpretedFrame frame)
   at System.Management.Automation.Interpreter.EnterTryCatchFinallyInstruction.Run(InterpretedFrame frame)
   at System.Management.Automation.Interpreter.Interpreter.Run(InterpretedFrame frame)
   at System.Management.Automation.Interpreter.LightLambda.RunVoid1[T0](T0 arg0)
   at System.Management.Automation.ScriptBlock.InvokeWithPipeImpl(ScriptBlockClauseToInvoke clauseToInvoke, Boolean createLocalScope, Dictionary`2 functionsToDefine, List`1 variablesToDefine, ErrorHandlingBehavior errorHandlingBehavior, Object dollarUnder, Object input, Object scriptThis, Pipe outputPipe, InvocationInfo invocationInfo, Object[] args)
   at System.Management.Automation.ScriptBlock.<>c__DisplayClass57_0.<InvokeWithPipe>b__0()
   at System.Management.Automation.Runspaces.RunspaceBase.RunActionIfNoRunningPipelinesWithThreadCheck(Action action)
   at System.Management.Automation.ScriptBlock.InvokeWithPipe(Boolean useLocalScope, ErrorHandlingBehavior errorHandlingBehavior, Object dollarUnder, Object input, Object scriptThis, Pipe outputPipe, InvocationInfo invocationInfo, Boolean propagateAllExceptionsToTop, List`1 variablesToDefine, Dictionary`2 functionsToDefine, Object[] args)
   at System.Management.Automation.ScriptBlock.InvokeAsDelegateHelper(Object dollarUnder, Object dollarThis, Object[] args)
   at System.Windows.Window.OnClosed(EventArgs e)
   at System.Windows.Window.WmDestroy()
   at System.Windows.Window.WindowFilterMessage(IntPtr hwnd, Int32 msg, IntPtr wParam, IntPtr lParam, Boolean& handled)
   at System.Windows.Interop.HwndSource.PublicHooksFilterMessage(IntPtr hwnd, Int32 msg, IntPtr wParam, IntPtr lParam, Boolean& handled)
   at MS.Win32.HwndWrapper.WndProc(IntPtr hwnd, Int32 msg, IntPtr wParam, IntPtr lParam, Boolean& handled)
   at MS.Win32.HwndSubclass.DispatcherCallbackOperation(Object o)
   at System.Windows.Threading.ExceptionWrapper.InternalRealCall(Delegate callback, Object args, Int32 numArgs)
   at System.Windows.Threading.ExceptionWrapper.TryCatchWhen(Object source, Delegate callback, Object args, Int32 numArgs, Delegate catchHandler)

[2026-08-25 15:04:42.293] Chart creation failed
Exception: System.Management.Automation.PropertyNotFoundException
Message: The property 'Count' cannot be found on this object. Verify that the property exists.
StackTrace:
   at System.Management.Automation.ExceptionHandlingOps.CheckActionPreference(FunctionContext funcContext, Exception exception)
   at System.Management.Automation.Interpreter.ActionCallInstruction`2.Run(InterpretedFrame frame)
   at System.Management.Automation.Interpreter.EnterTryCatchFinallyInstruction.Run(InterpretedFrame frame)
   at System.Management.Automation.Interpreter.EnterTryCatchFinallyInstruction.Run(InterpretedFrame frame)

[2026-08-25 15:04:43.935] Chart creation failed
Exception: System.Management.Automation.PropertyNotFoundException
Message: The property 'Count' cannot be found on this object. Verify that the property exists.
StackTrace:
   at System.Management.Automation.ExceptionHandlingOps.CheckActionPreference(FunctionContext funcContext, Exception exception)
   at System.Management.Automation.Interpreter.ActionCallInstruction`2.Run(InterpretedFrame frame)
   at System.Management.Automation.Interpreter.EnterTryCatchFinallyInstruction.Run(InterpretedFrame frame)
   at System.Management.Automation.Interpreter.EnterTryCatchFinallyInstruction.Run(InterpretedFrame frame)

[2026-08-25 15:05:00.085] Chart creation failed
Exception: System.Management.Automation.PropertyNotFoundException
Message: The property 'Count' cannot be found on this object. Verify that the property exists.
StackTrace:
   at System.Management.Automation.ExceptionHandlingOps.CheckActionPreference(FunctionContext funcContext, Exception exception)
   at System.Management.Automation.Interpreter.ActionCallInstruction`2.Run(InterpretedFrame frame)
   at System.Management.Automation.Interpreter.EnterTryCatchFinallyInstruction.Run(InterpretedFrame frame)
   at System.Management.Automation.Interpreter.EnterTryCatchFinallyInstruction.Run(InterpretedFrame frame)

[2026-08-25 15:05:01.439] Chart creation failed
Exception: System.Management.Automation.PropertyNotFoundException
Message: The property 'Count' cannot be found on this object. Verify that the property exists.
StackTrace:
   at System.Management.Automation.ExceptionHandlingOps.CheckActionPreference(FunctionContext funcContext, Exception exception)
   at System.Management.Automation.Interpreter.ActionCallInstruction`2.Run(InterpretedFrame frame)
   at System.Management.Automation.Interpreter.EnterTryCatchFinallyInstruction.Run(InterpretedFrame frame)
   at System.Management.Automation.Interpreter.EnterTryCatchFinallyInstruction.Run(InterpretedFrame frame)

[2026-08-25 15:05:02.519] Chart creation failed
Exception: System.Management.Automation.PropertyNotFoundException
Message: The property 'Count' cannot be found on this object. Verify that the property exists.
StackTrace:
   at System.Management.Automation.ExceptionHandlingOps.CheckActionPreference(FunctionContext funcContext, Exception exception)
   at System.Management.Automation.Interpreter.ActionCallInstruction`2.Run(InterpretedFrame frame)
   at System.Management.Automation.Interpreter.EnterTryCatchFinallyInstruction.Run(InterpretedFrame frame)
   at System.Management.Automation.Interpreter.EnterTryCatchFinallyInstruction.Run(InterpretedFrame frame)

[2026-08-25 15:05:04.411] Chart creation failed
Exception: System.Management.Automation.PropertyNotFoundException
Message: The property 'Count' cannot be found on this object. Verify that the property exists.
StackTrace:
   at System.Management.Automation.ExceptionHandlingOps.CheckActionPreference(FunctionContext funcContext, Exception exception)
   at System.Management.Automation.Interpreter.ActionCallInstruction`2.Run(InterpretedFrame frame)
   at System.Management.Automation.Interpreter.EnterTryCatchFinallyInstruction.Run(InterpretedFrame frame)
   at System.Management.Automation.Interpreter.EnterTryCatchFinallyInstruction.Run(InterpretedFrame frame)

[2026-08-25 15:05:14.005] Chart creation failed
Exception: System.Management.Automation.PropertyNotFoundException
Message: The property 'Count' cannot be found on this object. Verify that the property exists.
StackTrace:
   at System.Management.Automation.ExceptionHandlingOps.CheckActionPreference(FunctionContext funcContext, Exception exception)
   at System.Management.Automation.Interpreter.ActionCallInstruction`2.Run(InterpretedFrame frame)
   at System.Management.Automation.Interpreter.EnterTryCatchFinallyInstruction.Run(InterpretedFrame frame)
   at System.Management.Automation.Interpreter.EnterTryCatchFinallyInstruction.Run(InterpretedFrame frame)

[2026-08-25 15:05:15.118] Chart creation failed
Exception: System.Management.Automation.PropertyNotFoundException
Message: The property 'Count' cannot be found on this object. Verify that the property exists.
StackTrace:
   at System.Management.Automation.ExceptionHandlingOps.CheckActionPreference(FunctionContext funcContext, Exception exception)
   at System.Management.Automation.Interpreter.ActionCallInstruction`2.Run(InterpretedFrame frame)
   at System.Management.Automation.Interpreter.EnterTryCatchFinallyInstruction.Run(InterpretedFrame frame)
   at System.Management.Automation.Interpreter.EnterTryCatchFinallyInstruction.Run(InterpretedFrame frame)

[2026-08-25 15:05:32.751] Chart creation failed
Exception: System.Management.Automation.PropertyNotFoundException
Message: The property 'Count' cannot be found on this object. Verify that the property exists.
StackTrace:
   at System.Management.Automation.ExceptionHandlingOps.CheckActionPreference(FunctionContext funcContext, Exception exception)
   at System.Management.Automation.Interpreter.ActionCallInstruction`2.Run(InterpretedFrame frame)
   at System.Management.Automation.Interpreter.EnterTryCatchFinallyInstruction.Run(InterpretedFrame frame)
   at System.Management.Automation.Interpreter.EnterTryCatchFinallyInstruction.Run(InterpretedFrame frame)

[2026-08-25 15:05:33.897] Chart creation failed
Exception: System.Management.Automation.PropertyNotFoundException
Message: The property 'Count' cannot be found on this object. Verify that the property exists.
StackTrace:
   at System.Management.Automation.ExceptionHandlingOps.CheckActionPreference(FunctionContext funcContext, Exception exception)
   at System.Management.Automation.Interpreter.ActionCallInstruction`2.Run(InterpretedFrame frame)
   at System.Management.Automation.Interpreter.EnterTryCatchFinallyInstruction.Run(InterpretedFrame frame)
   at System.Management.Automation.Interpreter.EnterTryCatchFinallyInstruction.Run(InterpretedFrame frame)

[2026-08-25 15:05:34.957] Chart creation failed
Exception: System.Management.Automation.PropertyNotFoundException
Message: The property 'Count' cannot be found on this object. Verify that the property exists.
StackTrace:
   at System.Management.Automation.ExceptionHandlingOps.CheckActionPreference(FunctionContext funcContext, Exception exception)
   at System.Management.Automation.Interpreter.ActionCallInstruction`2.Run(InterpretedFrame frame)
   at System.Management.Automation.Interpreter.EnterTryCatchFinallyInstruction.Run(InterpretedFrame frame)
   at System.Management.Automation.Interpreter.EnterTryCatchFinallyInstruction.Run(InterpretedFrame frame)

[2026-08-25 15:05:35.245] Chart creation failed
Exception: System.Management.Automation.PropertyNotFoundException
Message: The property 'Count' cannot be found on this object. Verify that the property exists.
StackTrace:
   at System.Management.Automation.ExceptionHandlingOps.CheckActionPreference(FunctionContext funcContext, Exception exception)
   at System.Management.Automation.Interpreter.ActionCallInstruction`2.Run(InterpretedFrame frame)
   at System.Management.Automation.Interpreter.EnterTryCatchFinallyInstruction.Run(InterpretedFrame frame)
   at System.Management.Automation.Interpreter.EnterTryCatchFinallyInstruction.Run(InterpretedFrame frame)

[2026-08-25 15:07:18.400] Chart creation failed
Exception: System.Management.Automation.PropertyNotFoundException
Message: The property 'Count' cannot be found on this object. Verify that the property exists.
StackTrace:
   at System.Management.Automation.ExceptionHandlingOps.CheckActionPreference(FunctionContext funcContext, Exception exception)
   at System.Management.Automation.Interpreter.ActionCallInstruction`2.Run(InterpretedFrame frame)
   at System.Management.Automation.Interpreter.EnterTryCatchFinallyInstruction.Run(InterpretedFrame frame)
   at System.Management.Automation.Interpreter.EnterTryCatchFinallyInstruction.Run(InterpretedFrame frame)

[2026-08-25 15:07:20.194] Chart creation failed
Exception: System.Management.Automation.PropertyNotFoundException
Message: The property 'Count' cannot be found on this object. Verify that the property exists.
StackTrace:
   at System.Management.Automation.ExceptionHandlingOps.CheckActionPreference(FunctionContext funcContext, Exception exception)
   at System.Management.Automation.Interpreter.ActionCallInstruction`2.Run(InterpretedFrame frame)
   at System.Management.Automation.Interpreter.EnterTryCatchFinallyInstruction.Run(InterpretedFrame frame)
   at System.Management.Automation.Interpreter.EnterTryCatchFinallyInstruction.Run(InterpretedFrame frame)

[2026-08-25 15:28:40.828] Chart creation failed
Exception: System.Management.Automation.PropertyNotFoundException
Message: The property 'Count' cannot be found on this object. Verify that the property exists.
StackTrace:
   at System.Management.Automation.ExceptionHandlingOps.CheckActionPreference(FunctionContext funcContext, Exception exception)
   at System.Management.Automation.Interpreter.ActionCallInstruction`2.Run(InterpretedFrame frame)
   at System.Management.Automation.Interpreter.EnterTryCatchFinallyInstruction.Run(InterpretedFrame frame)
   at System.Management.Automation.Interpreter.EnterTryCatchFinallyInstruction.Run(InterpretedFrame frame)

